rowId,system.updated,id,active,title,first_name,last_name,street_number,street_name,city,state,country,postcode,email,phone,cell,dob,department
4be32b80-fa9a-11ed-8ac4-db070ce9c6f6,1684977612349,neil.gilbert@example.com,true,Mr,Neil,Gilbert,7897,South Street,Tullamore,Dublin City,Ireland,40971,neil.gilbert@example.com,041-746-1335,081-990-5259,1947-03-12T01:20:58.935Z,Okta Workflows
47e91a80-fa9a-11ed-9763-e6a1cb67e877,1684977605677,alexander.ambrose@example.com,true,Mr,Alexander,Ambrose,1524,Cedar St,Killarney,Prince Edward Island,Canada,B3J 0O6,alexander.ambrose@example.com,C80 F55-5119,L41 J74-7829,1986-11-21T16:22:22.566Z,Okta Workflows
44eaf5b0-fa9a-11ed-8acc-6d3335d5b608,1684977600654,emma.kantola@example.com,true,Ms,Emma,Kantola,6711,Myllypuronkatu,Pälkäne,Kymenlaakso,Finland,85106,emma.kantola@example.com,06-830-202,044-002-12-13,1956-12-07T18:27:41.077Z,Okta Workflows
3f3fb240-fa9a-11ed-a341-84500f18783f,1684977591145,calvin.lane@example.com,true,Mr,Calvin,Lane,5155,Photinia Ave,Anaheim,Ohio,United States,35133,calvin.lane@example.com,(415) 283-7105,(493) 252-0584,1959-03-30T02:31:48.295Z,Okta Workflows
6d2a9180-fa99-11ed-b426-3317034a0907,1684977238850,ross.kelley@example.com,true,Mr,Ross,Kelley,4068,Photinia Ave,Sunshine Coast,Western Australia,Australia,3526,ross.kelley@example.com,08-8767-3529,0414-944-128,2000-06-18T22:07:20.183Z,Okta Workflows
7078bd01-fa97-11ed-a7f2-ce369cb44557,1684976385235,justine.novak@example.com,true,Ms,Justine,Novak,6734,36th Ave,Chatham,British Columbia,Canada,I0V 3R4,justine.novak@example.com,Q23 L76-9144,M38 V20-0617,1959-05-19T12:32:44.271Z,Okta Workflows
7078bd00-fa97-11ed-8890-48e7d2cdb6c1,1684976385235,claudia.giraud@example.com,true,Madame,Claudia,Giraud,630,Place de L'Abbé-Basset,Fully,Zug,Switzerland,8744,claudia.giraud@example.com,076 208 89 63,079 620 90 32,1997-12-28T09:07:44.279Z,Okta Workflows
7077d2a0-fa97-11ed-ac24-00f754ad02ae,1684976385229,nora.dunn@example.com,true,Miss,Nora,Dunn,7210,James St,Dubbo,Queensland,Australia,789,nora.dunn@example.com,02-1782-2449,0451-179-383,1947-01-05T19:18:19.250Z,Okta Workflows
70773660-fa97-11ed-9947-8c5ba4d4b184,1684976385225,valerie.joly@example.com,true,Madame,Valérie,Joly,9993,Rue de Gerland,Calanca,Zürich,Switzerland,6063,valerie.joly@example.com,077 652 20 96,075 700 51 32,1989-10-26T06:23:56.508Z,Okta Workflows
7076e840-fa97-11ed-8b59-d5da37cd0fab,1684976385223,soraya.ridderhof@example.com,true,Mrs,Soraya,Ridderhof,9261,Graaf Aelbrechtlaan,Sneek,Groningen,Netherlands,9641 LW,soraya.ridderhof@example.com,(0145) 936326,(06) 33939490,1989-06-19T14:32:42.144Z,Okta Workflows
707624f0-fa97-11ed-9515-752cc97d0216,1684976385218,henryk.domke@example.com,true,Mr,Henryk,Domke,7322,Kirchplatz,Groitzsch,Mecklenburg-Vorpommern,Germany,92915,henryk.domke@example.com,0154-1917698,0177-6457146,1971-10-07T03:09:59.463Z,Okta Workflows
707561a0-fa97-11ed-8f9e-568ff7666e32,1684976385216,isaac.kennedy@example.com,true,Mr,Isaac,Kennedy,4807,The Crescent,Longford,Fingal,Ireland,75042,isaac.kennedy@example.com,031-969-7896,081-878-0079,1971-09-06T14:13:31.638Z,Okta Workflows
7074c560-fa97-11ed-b988-de9c7fc1136d,1684976385209,scarlett.anderson@example.com,true,Ms,Scarlett,Anderson,8199,Fitzgerald Avenue,Nelson,Tasman,New Zealand,84586,scarlett.anderson@example.com,(294)-935-0859,(066)-678-7703,1999-09-12T19:45:15.925Z,Okta Workflows
70745030-fa97-11ed-a8f3-fa6f53cad4e8,1684976385206,beau.jasper@example.com,true,Mr,Beau,Jasper,9364,Jacob Banestraat,Wetering,Utrecht,Netherlands,9902 OV,beau.jasper@example.com,(0570) 529491,(06) 00878470,1971-06-28T22:29:38.971Z,Okta Workflows
70733ec0-fa97-11ed-a81c-7cee335a41b9,1684976385200,valdemar.rasmussen@example.com,true,Mr,Valdemar,Rasmussen,8036,Solbakken,Hirtsals,Hovedstaden,Denmark,14011,valdemar.rasmussen@example.com,28354257,57547515,1970-05-20T14:06:37.125Z,Okta Workflows
707317b0-fa97-11ed-9877-747c30211148,1684976385199,vera.schurer@example.com,true,Ms,Vera,Schürer,1599,Eichenweg,Naunhof,Brandenburg,Germany,95823,vera.schurer@example.com,0117-4277240,0176-0139331,1983-03-15T10:20:47.926Z,Okta Workflows
707142f0-fa97-11ed-9006-c48c5fff8ca1,1684976385188,anne-lynn.wattimena@example.com,true,Miss,Anne-Lynn,Wattimena,746,Alde Lunewei,Scherpenzeel Fr,Groningen,Netherlands,4060 KM,anne-lynn.wattimena@example.com,(055) 1244902,(06) 99200351,1965-09-01T20:15:49.313Z,Okta Workflows
70707fa0-fa97-11ed-bab8-4a2d72d4af21,1684976385182,rasmus.marttila@example.com,true,Mr,Rasmus,Marttila,4868,Satakennankatu,Juankoski,Kymenlaakso,Finland,82448,rasmus.marttila@example.com,07-110-484,041-763-94-45,1946-11-03T16:32:22.737Z,Okta Workflows
706f6e30-fa97-11ed-87d7-0eca0cd0a24d,1684976385174,mohamed.leon@example.com,true,Mr,Mohamed,León,5023,Calle de Bravo Murillo,Orense,Galicia,Spain,12683,mohamed.leon@example.com,919-892-772,609-284-915,1945-01-09T00:12:02.827Z,Okta Workflows
706ed1f0-fa97-11ed-9129-66175593132d,1684976385171,adrian.iglesias@example.com,true,Mr,Adrián,Iglesias,1348,Calle del Arenal,Almería,Extremadura,Spain,32670,adrian.iglesias@example.com,901-303-629,640-057-002,1972-10-23T23:17:36.070Z,Okta Workflows
706e83d0-fa97-11ed-afb2-485b6c93649e,1684976385167,enrique.rose@example.com,true,Mr,Enrique,Rose,6934,Saddle Dr,College Station,Kansas,United States,37747,enrique.rose@example.com,(394) 864-8909,(604) 239-0870,1950-10-15T20:37:08.083Z,Okta Workflows
706de790-fa97-11ed-8aee-1fa5735278bb,1684976385164,hermann.cramer@example.com,true,Mr,Hermann,Cramer,4426,Bergstraße,Scheßlitz,Nordrhein-Westfalen,Germany,77413,hermann.cramer@example.com,0425-4369982,0171-3822153,1966-08-16T19:27:36.044Z,Okta Workflows
706d7260-fa97-11ed-8f94-0a11554f2760,1684976385161,vanesa.fuentes@example.com,true,Miss,Vanesa,Fuentes,8268,Calle de Bravo Murillo,Pamplona,Canarias,Spain,69068,vanesa.fuentes@example.com,904-111-549,618-768-968,1999-04-15T19:26:55.020Z,Okta Workflows
706cd620-fa97-11ed-85e1-bee201f5bc93,1684976385157,clara.dupont@example.com,true,Miss,Clara,Dupont,3559,Rue des Cuirassiers,Strasbourg,Pas-de-Calais,France,50380,clara.dupont@example.com,03-34-30-89-72,06-63-60-66-94,1998-01-15T00:32:41.994Z,Okta Workflows
706c60f0-fa97-11ed-bba0-4680dd9ee832,1684976385154,daniel.andersen@example.com,true,Mr,Daniel,Andersen,8189,Højbovej,Støvring ,Syddanmark,Denmark,96332,daniel.andersen@example.com,91799172,99813805,1951-05-18T12:41:52.618Z,Okta Workflows
706bc4b0-fa97-11ed-bf0e-43bb6217cf1a,1684976385150,luukas.niemela@example.com,true,Mr,Luukas,Niemela,5979,Visiokatu,Laukaa,Pirkanmaa,Finland,97254,luukas.niemela@example.com,02-540-901,045-054-93-65,1948-08-09T13:42:54.412Z,Okta Workflows
706b4f80-fa97-11ed-a5ab-484802a814fb,1684976385147,leta.peterson@example.com,true,Ms,Leta,Peterson,8312,Fincher Rd,Van Alstyne,Alaska,United States,89762,leta.peterson@example.com,(260) 997-7878,(678) 749-6349,1977-11-08T00:08:49.496Z,Okta Workflows
706ab340-fa97-11ed-a5c3-f956fcf537b6,1684976385144,nicolas.zanders@example.com,true,Mr,Nicolas,Zanders,5958,Het Oever,Cranendonck,Gelderland,Netherlands,3925 KK,nicolas.zanders@example.com,(092) 2086010,(06) 39299220,1974-12-17T04:31:41.149Z,Okta Workflows
706a3e10-fa97-11ed-b3e9-d3d0cb9c04a6,1684976385140,marc.leupold@example.com,true,Mr,Marc,Leupold,8506,Birkenweg,Rathenow,Sachsen-Anhalt,Germany,62245,marc.leupold@example.com,0512-4813248,0172-3498014,1972-11-17T20:52:42.027Z,Okta Workflows
70697ac0-fa97-11ed-a9e9-73db43c1162e,1684976385137,rasmus.sorensen@example.com,true,Mr,Rasmus,Sørensen,1513,Vesterhavsvej,Kongens  Lyngby,Danmark,Denmark,36675,rasmus.sorensen@example.com,17447729,85453787,1967-07-21T07:04:01.573Z,Okta Workflows
7068de80-fa97-11ed-8f78-4ba71e66e3c4,1684976385131,samuel.salo@example.com,true,Mr,Samuel,Salo,3246,Bulevardi,Malax,Northern Ostrobothnia,Finland,11059,samuel.salo@example.com,06-493-020,040-774-47-30,1959-01-23T19:36:40.941Z,Okta Workflows
70689060-fa97-11ed-bb72-730d872f313a,1684976385129,dominic.rempel@example.com,true,Mr,Dominic,Rempel,3230,Kirchweg,Forchtenberg,Schleswig-Holstein,Germany,26144,dominic.rempel@example.com,0343-6834095,0173-9424214,1963-02-25T02:32:43.658Z,Okta Workflows
7067f420-fa97-11ed-9fa9-556da809836f,1684976385125,kelly.wheeler@example.com,true,Mr,Kelly,Wheeler,3163,Windsor Road,Exeter,South Yorkshire,United Kingdom,MP3 2YS,kelly.wheeler@example.com,019467 10955,07494 750108,1995-01-25T05:34:29.716Z,Okta Workflows
7067a600-fa97-11ed-a179-0e224add619e,1684976385123,sheila.harvey@example.com,true,Ms,Sheila,Harvey,8073,White Oak Dr,Port Macquarie,Australian Capital Territory,Australia,7025,sheila.harvey@example.com,00-4565-7414,0477-515-841,1976-12-02T22:40:28.816Z,Okta Workflows
7066bba0-fa97-11ed-bfa4-274dcf20ab6a,1684976385116,oliver.kowalski@example.com,true,Mr,Oliver,Kowalski,3130,College Ave,Southampton,Québec,Canada,M8H 2W1,oliver.kowalski@example.com,K51 B63-0129,S63 F52-7752,1969-01-27T03:12:17.097Z,Okta Workflows
7065f850-fa97-11ed-8684-3ceca9efb1ee,1684976385112,shawn.maaswinkel@example.com,true,Mr,Shawn,Maaswinkel,845,Bernardusweg,Zandvoort,Groningen,Netherlands,9646 RZ,shawn.maaswinkel@example.com,(064) 7508677,(06) 27424899,1998-06-03T03:08:44.155Z,Okta Workflows
7065aa30-fa97-11ed-be25-6ef8f03ec00a,1684976385110,lucas.roy@example.com,true,Mr,Lucas,Roy,3906,Park Rd,Brockton,Québec,Canada,L6X 4S6,lucas.roy@example.com,G05 X84-9009,I47 L72-3067,1988-08-17T22:33:11.727Z,Okta Workflows
70650df0-fa97-11ed-a0ba-ef8962390d3b,1684976385106,craig.carr@example.com,true,Mr,Craig,Carr,6752,York Road,Liverpool,Kent,United Kingdom,H8I 6RA,craig.carr@example.com,017683 68734,07515 444892,1969-09-24T02:11:27.708Z,Okta Workflows
706471b0-fa97-11ed-a91f-0eebbc0f5de2,1684976385104,lillie.graham@example.com,true,Miss,Lillie,Graham,5945,W Belt Line Rd,Wichita Falls,Tennessee,United States,87080,lillie.graham@example.com,(868) 261-3024,(852) 630-6123,1974-02-15T18:54:50.947Z,Okta Workflows
7063fc80-fa97-11ed-ac83-39d0c4194b6e,1684976385100,timmothy.lowe@example.com,true,Mr,Timmothy,Lowe,9110,Mill Lane,Rush,Limerick,Ireland,92216,timmothy.lowe@example.com,021-252-3092,081-974-6284,1982-11-22T13:48:26.677Z,Okta Workflows
70636040-fa97-11ed-9f4f-659b6a26c6e6,1684976385095,leon.curtis@example.com,true,Mr,Leon,Curtis,2864,Thornridge Cir,Gladstone,Western Australia,Australia,3778,leon.curtis@example.com,01-4778-1432,0499-815-524,1967-10-06T19:23:57.364Z,Okta Workflows
7062c400-fa97-11ed-b941-7ff691d5d452,1684976385092,cristina.castillo@example.com,true,Mrs,Cristina,Castillo,4288,Calle de La Almudena,Mérida,Cantabria,Spain,48679,cristina.castillo@example.com,959-831-233,602-979-720,1992-01-30T12:38:08.220Z,Okta Workflows
706227c0-fa97-11ed-a550-5e340d1289b9,1684976385087,ritthy.williamson@example.com,true,Mr,Ritthy,Williamson,7484,Walnut Hill Ln,Melbourne,Australian Capital Territory,Australia,2133,ritthy.williamson@example.com,05-7652-7288,0417-615-730,1996-06-10T17:36:29.098Z,Okta Workflows
7061b290-fa97-11ed-afb9-a4fad64e81b0,1684976385084,mia.andersen@example.com,true,Ms,Mia,Andersen,747,Bay Ave,Summerside,Prince Edward Island,Canada,E1K 9V6,mia.andersen@example.com,G20 Z58-4321,Y03 J76-1446,1969-11-07T16:36:05.932Z,Okta Workflows
7060c830-fa97-11ed-b684-88ef94e4fd02,1684976385078,noemie.gauthier@example.com,true,Miss,Noémie,Gauthier,9102,St. Catherine St,Hudson,Saskatchewan,Canada,A6B 2C3,noemie.gauthier@example.com,J53 G24-4549,F44 M31-0551,1952-06-05T10:11:16.635Z,Okta Workflows
70605300-fa97-11ed-a629-a19130bd36c8,1684976385077,everett.warren@example.com,true,Mr,Everett,Warren,6291,E Center St,Caldwell,Tennessee,United States,97841,everett.warren@example.com,(812) 234-6637,(682) 999-6962,1951-01-01T16:34:45.073Z,Okta Workflows
705fb6c0-fa97-11ed-b6ab-0aad919e8ef7,1684976385071,eline.fleury@example.com,true,Mrs,Eline,Fleury,4450,Rue Abel-Gance,Boulogne-Billancourt,Hautes-Alpes,France,55736,eline.fleury@example.com,03-87-01-22-30,06-41-64-54-70,1988-02-07T15:41:53.924Z,Okta Workflows
705f4190-fa97-11ed-bbe5-b005c1caee96,1684976385068,kasper.thomsen@example.com,true,Mr,Kasper,Thomsen,7830,Solvej,Gjerlev,Danmark,Denmark,31058,kasper.thomsen@example.com,46276262,34920545,1974-09-16T19:11:44.016Z,Okta Workflows
705ea550-fa97-11ed-9051-ab68ddd3138b,1684976385064,cooper.white@example.com,true,Mr,Cooper,White,1990,Queen Street,Napier,Canterbury,New Zealand,56363,cooper.white@example.com,(654)-376-0287,(827)-461-4033,1958-05-31T22:42:26.018Z,Okta Workflows
705e3020-fa97-11ed-98a7-c6c037701d64,1684976385061,albert.mortensen@example.com,true,Mr,Albert,Mortensen,4038,Strandengen,Roskilde,Sjælland,Denmark,79131,albert.mortensen@example.com,43554388,24161564,1963-08-02T05:14:17.430Z,Okta Workflows
705dbaf0-fa97-11ed-b10c-cc8706b6120c,1684976385057,minea.kallio@example.com,true,Miss,Minea,Kallio,1921,Hämeenkatu,Kristinestad,Pirkanmaa,Finland,71093,minea.kallio@example.com,03-860-762,043-172-89-71,1980-12-31T22:56:57.291Z,Okta Workflows
705d1eb0-fa97-11ed-9224-18b1f5f093ac,1684976385054,imogen.wood@example.com,true,Ms,Imogen,Wood,2111,Grey Street,Greymouth,Wellington,New Zealand,21702,imogen.wood@example.com,(650)-148-1892,(367)-866-6421,1953-08-19T07:44:21.162Z,Okta Workflows
705c8270-fa97-11ed-96a5-9c00c4139f56,1684976385050,liam.french@example.com,true,Mr,Liam,French,6658,36th Ave,Belmont,Yukon,Canada,J6L 4L5,liam.french@example.com,Z91 V17-3371,P74 A63-6272,1977-12-30T16:05:46.748Z,Okta Workflows
705c3450-fa97-11ed-93dc-093259688cd5,1684976385048,sofia.thompson@example.com,true,Ms,Sofia,Thompson,1742,Tennent Drive,Nelson,Marlborough,New Zealand,84442,sofia.thompson@example.com,(633)-478-6189,(996)-687-0792,1958-10-27T02:00:07.046Z,Okta Workflows
705b9810-fa97-11ed-b0f1-bb492b85dc33,1684976385044,lara.neuner@example.com,true,Ms,Lara,Neuner,7844,Dorfstraße,Adelsheim,Baden-Württemberg,Germany,65254,lara.neuner@example.com,0027-7041128,0179-1057589,1993-10-18T02:21:13.639Z,Okta Workflows
705b22e0-fa97-11ed-908a-91c867fe35c2,1684976385041,armand.charles@example.com,true,Mr,Armand,Charles,5309,Avenue Jean-Jaurès,Rueil-Malmaison,Var,France,39099,armand.charles@example.com,04-59-51-29-96,06-06-55-17-53,1988-01-09T09:56:29.192Z,Okta Workflows
705a86a0-fa97-11ed-98e6-bdda9ca8b636,1684976385037,alexa.moreno@example.com,true,Ms,Alexa,Moreno,3121,W Gray St,Red Bluff,North Carolina,United States,35791,alexa.moreno@example.com,(334) 244-7592,(773) 292-7794,1962-09-20T22:16:47.501Z,Okta Workflows
705a3880-fa97-11ed-a4da-b4bca20bf158,1684976385034,mark.griffin@example.com,true,Mr,Mark,Griffin,1824,Manor Road,Gorey,Wexford,Ireland,65671,mark.griffin@example.com,061-719-2366,081-694-0825,1959-04-30T05:45:54.747Z,Okta Workflows
70599c40-fa97-11ed-a0f5-96d73a0170cf,1684976385031,beau.lee@example.com,true,Mr,Beau,Lee,8450,Maunganui Road,Gisborne,Marlborough,New Zealand,78290,beau.lee@example.com,(198)-945-3901,(794)-037-2444,1992-01-11T17:26:21.135Z,Okta Workflows
70594e20-fa97-11ed-8eb7-5bb38ad0146b,1684976385028,lea.jean-baptiste@example.com,true,Ms,Lea,Jean-Baptiste,5574,Duke St,Lloydminster,Nunavut,Canada,A5Y 4R9,lea.jean-baptiste@example.com,S63 H06-1817,P52 N34-0317,1957-11-19T16:53:43.566Z,Okta Workflows
7058b1e0-fa97-11ed-a279-063c2f1c63c7,1684976385025,jonathan.christiansen@example.com,true,Mr,Jonathan,Christiansen,2404,Vestervænget,Randers Nv,Sjælland,Denmark,39732,jonathan.christiansen@example.com,35836767,52991127,1969-03-31T06:04:32.264Z,Okta Workflows
705863c0-fa97-11ed-9e41-4a0aa9bbade9,1684976385022,leszek.holzner@example.com,true,Mr,Leszek,Holzner,1435,Schillerstraße,Mühlberg/Elbe,Sachsen,Germany,24255,leszek.holzner@example.com,0796-8903070,0178-4347389,1986-01-12T12:54:45.230Z,Okta Workflows
7057a070-fa97-11ed-b9b7-9c7b54ae45bd,1684976385018,nicholas.patterson@example.com,true,Mr,Nicholas,Patterson,2794,Crockett St,Hobart,South Australia,Australia,6856,nicholas.patterson@example.com,02-8527-7656,0444-066-465,1977-05-11T08:49:59.041Z,Okta Workflows
70572b40-fa97-11ed-98c0-1e24cda59300,1684976385015,irmingard.reichelt@example.com,true,Miss,Irmingard,Reichelt,3389,Parkstraße,Stadtilm,Schleswig-Holstein,Germany,37290,irmingard.reichelt@example.com,0797-2947906,0174-2250866,1994-10-01T02:49:46.859Z,Okta Workflows
70568f00-fa97-11ed-8004-c8fac93832f5,1684976385010,chad.mills@example.com,true,Mr,Chad,Mills,59,York Road,Listowel,Limerick,Ireland,24019,chad.mills@example.com,041-337-7941,081-199-5061,1965-07-07T23:46:13.442Z,Okta Workflows
705640e0-fa97-11ed-ac57-60ed16d4b3f8,1684976385009,peter-michael.grobe@example.com,true,Mr,Peter-Michael,Grobe,3919,Talstraße,Landsberg am Lech,Bremen,Germany,42953,peter-michael.grobe@example.com,0610-4338865,0175-9778488,1961-12-01T21:41:21.421Z,Okta Workflows
70557d90-fa97-11ed-bf67-43e2009a7b9e,1684976385004,annegrete.thiemann@example.com,true,Mrs,Annegrete,Thiemann,7747,Mühlenstraße,Kemnath,Baden-Württemberg,Germany,66671,annegrete.thiemann@example.com,0390-7633707,0179-7618760,1955-10-21T11:11:12.952Z,Okta Workflows
70549330-fa97-11ed-99e4-87065aff0940,1684976384998,nathaniel.chen@example.com,true,Mr,Nathaniel,Chen,9886,Elles Road,Wellington,Manawatu-Wanganui,New Zealand,32031,nathaniel.chen@example.com,(324)-691-9871,(509)-026-7495,1991-12-07T20:13:05.874Z,Okta Workflows
70544510-fa97-11ed-a508-27a66b780910,1684976384996,sophie.adam@example.com,true,Mademoiselle,Sophie,Adam,9453,Rue du Bât-D'Argent,Massagno,Bern,Switzerland,7100,sophie.adam@example.com,075 188 91 09,075 178 12 74,1987-05-28T16:51:29.595Z,Okta Workflows
7053a8d0-fa97-11ed-b840-d8d5b5fd66a0,1684976384992,tracy.lee@example.com,true,Miss,Tracy,Lee,3069,Photinia Ave,Bowral,Northern Territory,Australia,7132,tracy.lee@example.com,00-7125-4315,0461-371-190,1985-08-06T05:08:37.299Z,Okta Workflows
70535ab0-fa97-11ed-a3d4-8f6afeba40f3,1684976384990,rosemarie.perik@example.com,true,Mrs,Rosemarie,Perik,6703,Dr. Gewinstraat,Eerbeek,Drenthe,Netherlands,8125 YK,rosemarie.perik@example.com,(0971) 181703,(06) 33021078,1995-02-07T03:53:44.755Z,Okta Workflows
7051ad00-fa97-11ed-9949-3205a29c4714,1684976384983,callum.kelly@example.com,true,Mr,Callum,Kelly,7649,Main Road,Westminster,West Yorkshire,United Kingdom,QS4 9YX,callum.kelly@example.com,015396 27921,07077 396563,1971-08-25T15:08:03.331Z,Okta Workflows
70524940-fa97-11ed-9d89-c7412646706a,1684976384983,gunter.laurent@example.com,true,Monsieur,Günter,Laurent,7261,Rue Dugas-Montbel,L'Abergement,Zürich,Switzerland,3405,gunter.laurent@example.com,075 695 34 83,077 231 95 00,1996-11-01T19:47:38.326Z,Okta Workflows
70515ee0-fa97-11ed-a3ba-6afe58a3e281,1684976384977,angela.jimenez@example.com,true,Miss,Angela,Jiménez,8997,Avenida de Burgos,Málaga,Islas Baleares,Spain,21459,angela.jimenez@example.com,974-455-113,626-229-075,1956-07-21T08:16:23.258Z,Okta Workflows
7050c2a0-fa97-11ed-8367-b85c5faf5dd6,1684976384973,howard.powell@example.com,true,Mr,Howard,Powell,4225,Victoria Street,Belfast,Derbyshire,United Kingdom,US7 0YL,howard.powell@example.com,01460 38121,07765 000567,1949-12-21T22:40:14.652Z,Okta Workflows
70502660-fa97-11ed-875c-f068c47402d1,1684976384970,sonia.cooper@example.com,true,Mrs,Sonia,Cooper,6791,Crockett St,Adelaide,Queensland,Australia,4721,sonia.cooper@example.com,04-0329-7511,0452-427-044,1981-04-14T09:52:52.471Z,Okta Workflows
704fb130-fa97-11ed-98ca-34871001ab48,1684976384966,jasmine.ross@example.com,true,Mrs,Jasmine,Ross,6969,Simcoe St,Deer Lake,Yukon,Canada,S6W 9Q9,jasmine.ross@example.com,V61 H69-8228,J22 N87-5298,1995-11-30T00:24:02.699Z,Okta Workflows
704f3c00-fa97-11ed-be3b-920cf2e59357,1684976384963,finn.mittermeier@example.com,true,Mr,Finn,Mittermeier,6635,Schulweg,Wittlich,Niedersachsen,Germany,81401,finn.mittermeier@example.com,0952-5254176,0171-9510580,1960-01-19T20:02:17.092Z,Okta Workflows
704e9fc0-fa97-11ed-8b6b-babd74e4f3c8,1684976384959,xavier.santiago@example.com,true,Mr,Xavier,Santiago,3818,Calle Mota,Logroño,Comunidad de Madrid,Spain,41121,xavier.santiago@example.com,923-261-107,619-496-312,1974-02-28T13:27:00.685Z,Okta Workflows
704e2a90-fa97-11ed-ac5c-7b76a0507f23,1684976384956,ross.wells@example.com,true,Mr,Ross,Wells,8665,Tara Street,Bray,Monaghan,Ireland,58023,ross.wells@example.com,051-463-9250,081-577-2650,1989-02-22T23:34:24.054Z,Okta Workflows
704d8e50-fa97-11ed-ba26-c950b7667ced,1684976384952,carl.madsen@example.com,true,Mr,Carl,Madsen,3152,Rønnevej,Jystrup,Hovedstaden,Denmark,82621,carl.madsen@example.com,85711818,79874369,1974-05-10T20:39:09.237Z,Okta Workflows
704d4030-fa97-11ed-9afd-acc696ddf7fd,1684976384950,rommert.emmers@example.com,true,Mr,Rommert,Emmers,8177,Emfuleni,Haarle gem Tubbergen,Zuid-Holland,Netherlands,2860 MR,rommert.emmers@example.com,(086) 0264729,(06) 78927399,1991-04-27T13:03:54.417Z,Okta Workflows
704c7ce0-fa97-11ed-84c7-9a97797130b7,1684976384945,andree.matheis@example.com,true,Mr,Andree,Matheis,9634,Kirchstraße,Münzenberg,Nordrhein-Westfalen,Germany,92308,andree.matheis@example.com,0052-9707893,0172-7150691,1974-11-07T11:05:42.450Z,Okta Workflows
704be0a0-fa97-11ed-aa09-73c10ee89898,1684976384944,arianna.duncan@example.com,true,Miss,Arianna,Duncan,2447,Oak Ridge Ln,Cambridge,Massachusetts,United States,68331,arianna.duncan@example.com,(285) 508-2558,(921) 422-3510,1979-01-17T02:20:03.590Z,Okta Workflows
704b9280-fa97-11ed-a43b-c58813a6dceb,1684976384939,nathan.gordon@example.com,true,Mr,Nathan,Gordon,6933,Dublin Road,Portmarnock,Mayo,Ireland,56137,nathan.gordon@example.com,021-920-9987,081-984-4942,1995-01-30T05:28:01.469Z,Okta Workflows
704acf30-fa97-11ed-a813-32ba65c283ba,1684976384934,adrien.lopez@example.com,true,Mr,Adrien,Lopez,2719,Avenue de l'Abbé-Roussel,Aix-En-Provence,Haute-Loire,France,36676,adrien.lopez@example.com,02-81-59-63-46,06-17-32-38-42,1963-10-17T22:55:07.128Z,Okta Workflows
704a8110-fa97-11ed-bf0f-ff9240ab31a6,1684976384932,patricia.wells@example.com,true,Mrs,Patricia,Wells,4899,Alexander Road,Mullingar,Dublin City,Ireland,91684,patricia.wells@example.com,021-711-8729,081-207-3582,1969-01-16T09:46:47.250Z,Okta Workflows
7049e4d0-fa97-11ed-a3f3-5914e1843c5f,1684976384928,malou.christensen@example.com,true,Miss,Malou,Christensen,9997,Løgstørvej,Frederiksberg,Nordjylland,Denmark,63389,malou.christensen@example.com,64266369,79580775,1950-10-13T23:52:19.429Z,Okta Workflows
7048fa70-fa97-11ed-b74c-1c6ed8bf9772,1684976384921,dolores.chambers@example.com,true,Miss,Dolores,Chambers,5075,Edwards Rd,Visalia,Missouri,United States,63069,dolores.chambers@example.com,(767) 416-1649,(856) 368-5238,1989-10-28T19:17:41.533Z,Okta Workflows
7048ac50-fa97-11ed-a5d8-072a88037fc2,1684976384919,thomas.duncan@example.com,true,Mr,Thomas,Duncan,3983,Manchester Road,Manchester,Warwickshire,United Kingdom,GR7P 2TG,thomas.duncan@example.com,0191 141 9097,07168 904900,1947-07-01T08:07:36.599Z,Okta Workflows
7047e900-fa97-11ed-91c5-c5283da22f83,1684976384915,laura.mason@example.com,true,Miss,Laura,Mason,311,Killarney Road,Passage West,Westmeath,Ireland,34427,laura.mason@example.com,071-764-7863,081-730-0919,1948-07-11T14:59:46.995Z,Okta Workflows
704773d0-fa97-11ed-8cfe-e6da5fbd1409,1684976384913,emilia.koivisto@example.com,true,Ms,Emilia,Koivisto,2747,Itsenäisyydenkatu,Lieksa,Northern Savonia,Finland,99427,emilia.koivisto@example.com,05-223-902,043-466-20-57,1944-10-16T04:17:15.317Z,Okta Workflows
7046fea0-fa97-11ed-a60f-a59a31d0711a,1684976384909,hans-ulrich.stotz@example.com,true,Mr,Hans-Ulrich,Stotz,12,Schulstraße,Weiden I.D.Opf.,Sachsen,Germany,57949,hans-ulrich.stotz@example.com,0583-8243988,0176-2255207,1988-10-08T23:10:06.344Z,Okta Workflows
70466260-fa97-11ed-83b4-41115f7018bc,1684976384905,emilie.chu@example.com,true,Mrs,Emilie,Chu,6721,36th Ave,Dorchester,Newfoundland and Labrador,Canada,F4R 7Y9,emilie.chu@example.com,W10 K49-2397,C89 I40-0729,1956-10-05T18:33:44.564Z,Okta Workflows
70461440-fa97-11ed-8cd8-1265c5e2bac4,1684976384903,bruce.porter@example.com,true,Mr,Bruce,Porter,287,O'Connell Avenue,Castlebar,Leitrim,Ireland,79386,bruce.porter@example.com,071-566-1696,081-341-7135,1985-07-12T04:09:25.125Z,Okta Workflows
70457800-fa97-11ed-82ac-00e254894279,1684976384899,emmanuel.lefebvre@example.com,true,Monsieur,Emmanuel,Lefebvre,4161,Rue du Dauphiné,Liestal,Bern,Switzerland,6772,emmanuel.lefebvre@example.com,078 226 15 23,079 440 37 69,1976-08-16T05:16:00.957Z,Okta Workflows
704529e0-fa97-11ed-9199-18d444534b64,1684976384897,iina.hietala@example.com,true,Miss,Iina,Hietala,531,Pispalan Valtatie,Kannonkoski,South Karelia,Finland,42522,iina.hietala@example.com,02-604-084,047-009-90-90,1991-07-07T14:35:28.561Z,Okta Workflows
70441870-fa97-11ed-aa0e-634c39b667cc,1684976384890,ethan.larson@example.com,true,Mr,Ethan,Larson,3696,E Little York Rd,Nowra,Western Australia,Australia,6847,ethan.larson@example.com,05-1338-5901,0400-789-461,1970-09-02T20:59:17.681Z,Okta Workflows
7043f160-fa97-11ed-9c6d-4275e70b39aa,1684976384890,jorge.pena@example.com,true,Mr,Jorge,Peña,9859,Calle de Toledo,Pamplona,La Rioja,Spain,19275,jorge.pena@example.com,952-718-136,698-001-004,1988-02-22T22:30:11.774Z,Okta Workflows
70430700-fa97-11ed-a3c2-fa010bda3f71,1684976384883,luis.landgraf@example.com,true,Mr,Luis,Landgraf,5960,Breslauer Straße,Warin,Sachsen-Anhalt,Germany,37212,luis.landgraf@example.com,0792-8643942,0179-4729342,1993-11-15T04:21:06.982Z,Okta Workflows
70426ac0-fa97-11ed-a6d0-8881b7971a18,1684976384881,wolf.dolstra@example.com,true,Mr,Wolf,Dolstra,640,Burgemeester de Bruijnstraat,Koarnjum,Drenthe,Netherlands,7119 AH,wolf.dolstra@example.com,(015) 4229821,(06) 72659008,1977-02-21T23:21:52.073Z,Okta Workflows
70410b30-fa97-11ed-a3ea-91a7eebcb62d,1684976384874,edda.ruhl@example.com,true,Mrs,Edda,Ruhl,803,Blumenstraße,Wolfenbüttel,Berlin,Germany,48023,edda.ruhl@example.com,0369-5037248,0176-9263825,1960-09-20T15:05:34.036Z,Okta Workflows
703b8cf0-fa97-11ed-9491-61c550d6155e,1684976384866,paige.gregory@example.com,true,Miss,Paige,Gregory,88,Killarney Road,Naas,Meath,Ireland,29076,paige.gregory@example.com,051-014-4047,081-570-6219,1978-08-25T06:53:42.538Z,Okta Workflows
70332880-fa97-11ed-b325-56804205e383,1684976384779,sylvia.williamson@example.com,true,Miss,Sylvia,Williamson,6998,Taylor St,Long Beach,Massachusetts,United States,88023,sylvia.williamson@example.com,(608) 553-1965,(685) 577-4202,1981-07-05T09:52:51.037Z,Okta Workflows
70321710-fa97-11ed-a376-e4e113cbeca3,1684976384774,noah.harcourt@example.com,true,Mr,Noah,Harcourt,5507,Brock Rd,Hampstead,Nova Scotia,Canada,I6K 7Y0,noah.harcourt@example.com,T92 G63-6464,Z84 E39-5406,1995-07-28T16:29:38.924Z,Okta Workflows
70312cb0-fa97-11ed-80a7-714ce367724d,1684976384768,domingo.perez@example.com,true,Mr,Domingo,Pérez,39,Calle del Prado,Alcobendas,Comunidad Valenciana,Spain,35051,domingo.perez@example.com,942-893-439,641-817-469,1954-04-14T20:36:59.753Z,Okta Workflows
70301b40-fa97-11ed-bb77-1db777fc5110,1684976384762,clinton.bishop@example.com,true,Mr,Clinton,Bishop,4299,Edwards Rd,Lowell,Wyoming,United States,24247,clinton.bishop@example.com,(429) 469-5619,(240) 215-1999,1965-12-11T11:19:08.994Z,Okta Workflows
702f09d0-fa97-11ed-9e1a-2426d4504647,1684976384755,theo.morris@example.com,true,Mr,Theo,Morris,849,Mokoia Road,Timaru,West Coast,New Zealand,20203,theo.morris@example.com,(140)-806-2678,(777)-039-2848,1973-11-23T18:43:52.822Z,Okta Workflows
702df860-fa97-11ed-9333-e2e19fb880ad,1684976384747,samuel.fortin@example.com,true,Mr,Samuel,Fortin,4918,Simcoe St,Springfield,Newfoundland and Labrador,Canada,O5A 7N9,samuel.fortin@example.com,B63 Q03-2777,V57 S03-2069,1999-11-15T16:54:36.899Z,Okta Workflows
702cbfe0-fa97-11ed-b98f-2ad6d5aa529b,1684976384740,leo.banks@example.com,true,Mr,Leo,Banks,675,Green Lane,Birr,Tipperary,Ireland,35030,leo.banks@example.com,041-909-5041,081-499-8838,1989-03-08T13:07:13.899Z,Okta Workflows
70251ec0-fa97-11ed-9812-d1d223c44d92,1684976384690,harold.mason@example.com,true,Mr,Harold,Mason,7350,Marsh Ln,Bunbury,South Australia,Australia,1280,harold.mason@example.com,00-2927-3819,0432-574-864,1979-05-07T07:08:53.679Z,Okta Workflows
70240d50-fa97-11ed-89f8-67d22e72650c,1684976384683,tiziana.leclerc@example.com,true,Mademoiselle,Tiziana,Leclerc,2903,Rue de L'Abbé-Gillet,Wittinsburg,Basel-Landschaft,Switzerland,3109,tiziana.leclerc@example.com,078 626 71 33,079 780 29 60,1965-08-19T23:21:56.533Z,Okta Workflows
7022d4d0-fa97-11ed-86a1-547a325133e8,1684976384676,tracy.gomez@example.com,true,Mr,Tracy,Gomez,3787,New Road,Dundee,Warwickshire,United Kingdom,YW0 1UD,tracy.gomez@example.com,024 8866 2395,07192 272819,1974-01-10T06:11:44.303Z,Okta Workflows
70219c50-fa97-11ed-b69a-06e868de0854,1684976384668,marius.picard@example.com,true,Mr,Marius,Picard,4477,Rue Baraban,Roubaix,Drôme,France,10393,marius.picard@example.com,04-72-08-60-39,06-68-27-07-74,1967-11-29T19:25:27.097Z,Okta Workflows
702063d0-fa97-11ed-bfc1-60bb03819e4b,1684976384660,eemil.hamalainen@example.com,true,Mr,Eemil,Hamalainen,6063,Itsenäisyydenkatu,Tyrnävä,Finland Proper,Finland,35493,eemil.hamalainen@example.com,04-853-856,046-891-89-71,1957-06-18T00:30:00.138Z,Okta Workflows
701edd30-fa97-11ed-a664-db4c2c89f5fb,1684976384651,charles.park@example.com,true,Mr,Charles,Park,3415,Concession Road 23,Maitland,Northwest Territories,Canada,P2O 9Z9,charles.park@example.com,F01 Q16-3766,D34 S81-2221,1979-01-26T16:26:41.739Z,Okta Workflows
701d7da0-fa97-11ed-a49b-228f7a142ef4,1684976384642,filippa.thomsen@example.com,true,Miss,Filippa,Thomsen,1903,Gormsvej,Gjerlev,Syddanmark,Denmark,41976,filippa.thomsen@example.com,39977841,46512349,1995-02-07T05:15:10.981Z,Okta Workflows
701c4520-fa97-11ed-8736-293d953dcadc,1684976384634,pippa.wood@example.com,true,Miss,Pippa,Wood,791,Nelson Street,Gisborne,Otago,New Zealand,65174,pippa.wood@example.com,(235)-286-7384,(745)-169-7124,1977-08-24T22:59:43.495Z,Okta Workflows
701a9770-fa97-11ed-8063-7a773d1ece2b,1684976384622,wolfgang.michel@example.com,true,Monsieur,Wolfgang,Michel,9420,Rue Principale,Rapperswil-Jona,Aargau,Switzerland,3041,wolfgang.michel@example.com,079 459 52 29,077 459 70 01,1988-12-07T08:05:38.241Z,Okta Workflows
7019d420-fa97-11ed-b426-22d0764cd348,1684976384618,felix.christensen@example.com,true,Mr,Felix,Christensen,4778,Kirkevej,Viby Sj.,Hovedstaden,Denmark,94898,felix.christensen@example.com,05610677,03811441,1991-06-14T21:11:54.815Z,Okta Workflows
7017ff60-fa97-11ed-b3b9-ce34ccfb0a03,1684976384602,eetu.rantanen@example.com,true,Mr,Eetu,Rantanen,1988,Fredrikinkatu,Muonio,Åland,Finland,69210,eetu.rantanen@example.com,05-494-195,045-282-74-40,1994-07-27T21:30:47.311Z,Okta Workflows
70176320-fa97-11ed-8a5f-5744f1c4b766,1684976384598,karine.laurent@example.com,true,Madame,Karine,Laurent,423,Rue de L'Église,Ponthaux,Basel-Landschaft,Switzerland,5044,karine.laurent@example.com,076 775 01 18,075 723 63 87,1964-12-12T02:20:17.819Z,Okta Workflows
7016edf0-fa97-11ed-a1a3-0f442163113c,1684976384594,manuel.mora@example.com,true,Mr,Manuel,Mora,8819,Calle de La Democracia,Fuenlabrada,Cataluña,Spain,17579,manuel.mora@example.com,935-088-801,658-015-057,1967-11-02T23:17:26.152Z,Okta Workflows
701651b0-fa97-11ed-a5bb-a8603a487e2a,1684976384591,santiago.marchand@example.com,true,Monsieur,Santiago,Marchand,5856,Avenue Joliot Curie,Breil/Brigels,Appenzell Ausserrhoden,Switzerland,9916,santiago.marchand@example.com,078 088 20 43,075 443 45 89,1973-01-24T09:55:37.090Z,Okta Workflows
7015dc80-fa97-11ed-894b-a9e9b7515ee5,1684976384588,oscar.jensen@example.com,true,Mr,Oscar,Jensen,6128,Kærgårdsvej,Skaerbaek,Syddanmark,Denmark,37438,oscar.jensen@example.com,57703641,61682719,1985-01-03T03:30:52.367Z,Okta Workflows
70151930-fa97-11ed-91d9-7c1c93e6df5e,1684976384582,juho.ranta@example.com,true,Mr,Juho,Ranta,9551,Hermiankatu,Siikajoki,Uusimaa,Finland,11676,juho.ranta@example.com,05-702-208,047-665-02-50,1977-10-22T23:49:47.781Z,Okta Workflows
7014cb10-fa97-11ed-8230-171a2b224c1f,1684976384580,malin.mathieu@example.com,true,Madame,Malin,Mathieu,581,Rue Gasparin,Kilchberg (Zh),Basel-Stadt,Switzerland,1894,malin.mathieu@example.com,078 540 38 77,076 154 27 76,2001-04-11T11:22:13.395Z,Okta Workflows
701407c0-fa97-11ed-88d7-79ecace59412,1684976384575,ramon.cano@example.com,true,Mr,Ramon,Cano,3095,Calle Mota,Orihuela,La Rioja,Spain,74382,ramon.cano@example.com,969-730-709,681-116-328,1947-10-25T06:42:40.507Z,Okta Workflows
7013b9a0-fa97-11ed-a4b0-3920beb1e0f9,1684976384573,emma.stewart@example.com,true,Mrs,Emma,Stewart,2822,Hickory Creek Dr,Sunshine Coast,Queensland,Australia,9897,emma.stewart@example.com,07-6485-8016,0459-314-563,1952-03-24T19:39:07.867Z,Okta Workflows
7012f650-fa97-11ed-804c-a7cc8f640be5,1684976384567,kreszentia.anton@example.com,true,Mrs,Kreszentia,Anton,7152,Gartenweg,Schlieben,Bremen,Germany,19389,kreszentia.anton@example.com,0088-4353451,0170-4693476,1956-10-08T00:59:09.836Z,Okta Workflows
70128120-fa97-11ed-a97b-0f9f02edba2c,1684976384566,jo.watkins@example.com,true,Mrs,Jo,Watkins,7597,Blossom Hill Rd,Cairns,Western Australia,Australia,9913,jo.watkins@example.com,00-1061-4618,0417-452-449,1988-10-02T21:02:45.367Z,Okta Workflows
701196c0-fa97-11ed-8b9c-7ac74f7ba147,1684976384559,mathys.martin@example.com,true,Mr,Mathys,Martin,9292,Place du 22 Novembre 1943,Nice,Dordogne,France,17889,mathys.martin@example.com,04-57-80-23-08,06-34-48-77-42,1963-01-29T09:53:01.643Z,Okta Workflows
70116fb0-fa97-11ed-83bc-613dbb163d9b,1684976384559,valtteri.lehtonen@example.com,true,Mr,Valtteri,Lehtonen,2870,Mechelininkatu,Luvia,Lapland,Finland,37054,valtteri.lehtonen@example.com,09-565-986,041-260-76-70,1948-01-08T19:40:50.076Z,Okta Workflows
700cdbd0-fa97-11ed-960e-f47ae227c7da,1684976384528,albert.jorgensen@example.com,true,Mr,Albert,Jørgensen,9454,Egehegnet,København V,Nordjylland,Denmark,92831,albert.jorgensen@example.com,13197225,99930001,1960-01-02T03:57:50.286Z,Okta Workflows
700bf170-fa97-11ed-9cd9-5dfd29bbd0b8,1684976384522,sofia.thomsen@example.com,true,Mrs,Sofia,Thomsen,9894,Solvej,Viby J.,Hovedstaden,Denmark,26338,sofia.thomsen@example.com,90323911,96334603,1970-08-22T04:43:29.379Z,Okta Workflows
700bca60-fa97-11ed-9b95-d54d103ea107,1684976384521,alexis.li@example.com,true,Mr,Alexis,Li,7659,George St,Waterloo,Newfoundland and Labrador,Canada,M2K 7S5,alexis.li@example.com,D10 V20-3235,V37 F88-1651,2001-02-17T14:12:38.157Z,Okta Workflows
700ae000-fa97-11ed-8dd4-81fa3efb5464,1684976384515,maik.cools@example.com,true,Mr,Maik,Cools,1507,Bosjeslaan,Rien,Utrecht,Netherlands,2767 GM,maik.cools@example.com,(090) 1488204,(06) 29839377,1992-05-13T02:47:16.979Z,Okta Workflows
700a6ad0-fa97-11ed-ad4f-c2ec4d1e9ae0,1684976384513,theodore.thomas@example.com,true,Mr,Theodore,Thomas,4993,Deans Avenue,Nelson,Nelson,New Zealand,73786,theodore.thomas@example.com,(495)-808-9288,(714)-066-3254,1990-01-18T20:28:55.808Z,Okta Workflows
7009f5a0-fa97-11ed-a63e-8e25b4d2981c,1684976384509,kelly.wagner@example.com,true,Mr,Kelly,Wagner,5167,Park Avenue,Gloucester,West Sussex,United Kingdom,YB8L 8SY,kelly.wagner@example.com,021 1275 1394,07674 438660,1999-12-31T17:59:28.023Z,Okta Workflows
70090b40-fa97-11ed-9b99-9177e083a4bf,1684976384505,nieves.cabrera@example.com,true,Ms,Nieves,Cabrera,7947,Calle de Alberto Aguilera,Toledo,Extremadura,Spain,55371,nieves.cabrera@example.com,992-361-307,609-212-539,1959-06-25T11:57:51.907Z,Okta Workflows
7008bd20-fa97-11ed-b28f-0717f77777fb,1684976384502,gloria.rohr@example.com,true,Ms,Gloria,Rohr,1988,Am Sportplatz,Crimmitschau,Sachsen,Germany,17183,gloria.rohr@example.com,0340-0584668,0173-8026129,1972-03-25T05:01:27.184Z,Okta Workflows
7007f9d0-fa97-11ed-8e0b-1a75e86371c1,1684976384496,alicia.blanco@example.com,true,Ms,Alicia,Blanco,2132,Calle de Téllez,Torrevieja,Comunidad Valenciana,Spain,26100,alicia.blanco@example.com,900-166-422,618-437-993,1945-09-14T12:17:27.348Z,Okta Workflows
700784a0-fa97-11ed-9dc6-3b2ed04646f1,1684976384494,enno.gericke@example.com,true,Mr,Enno,Gericke,4831,Hauptstraße,Wülfrath,Saarland,Germany,48753,enno.gericke@example.com,0463-8708444,0173-7378859,1962-05-20T12:36:59.531Z,Okta Workflows
7006c150-fa97-11ed-b32d-2184d0424073,1684976384489,laurent.mercier@example.com,true,Monsieur,Laurent,Mercier,5665,Place des 44 Enfants D'Izieu,Aefligen,Solothurn,Switzerland,8189,laurent.mercier@example.com,079 702 46 04,075 438 36 72,1968-03-25T15:42:35.989Z,Okta Workflows
70064c20-fa97-11ed-963e-95cd3007894f,1684976384486,jonathan.gutierrez@example.com,true,Mr,Jonathan,Gutiérrez,5412,Calle de Alcalá,Vitoria,La Rioja,Spain,33525,jonathan.gutierrez@example.com,949-651-017,601-343-363,1985-11-24T14:44:12.808Z,Okta Workflows
7005d6f0-fa97-11ed-8a16-2ff478f4d785,1684976384482,aidan.johnson@example.com,true,Mr,Aidan,Johnson,8379,Portsmouth Drive,Lower Hutt,Northland,New Zealand,96102,aidan.johnson@example.com,(467)-152-7282,(466)-927-3683,1985-11-23T15:57:04.097Z,Okta Workflows
70053ab0-fa97-11ed-8dd8-042b56f9a462,1684976384478,louis.roy@example.com,true,Mr,Louis,Roy,4836,Grand Ave,Beaumont,Nova Scotia,Canada,U7I 2Z4,louis.roy@example.com,R62 H42-0417,O10 C02-6441,1958-11-01T06:40:16.713Z,Okta Workflows
7004c580-fa97-11ed-b30d-d04e3ec909d9,1684976384475,miki.smidt@example.com,true,Ms,Miki,Smidt,4203,Coba Kellingstraat,Rossum,Zuid-Holland,Netherlands,7307 RK,miki.smidt@example.com,(045) 5300470,(06) 06631235,1965-02-12T17:27:57.978Z,Okta Workflows
70040230-fa97-11ed-bb3d-a18bbbda5e5d,1684976384470,romeo.olivier@example.com,true,Mr,Roméo,Olivier,3541,Rue du Bât-D'Argent,Boulogne-Billancourt,Moselle,France,30338,romeo.olivier@example.com,03-32-72-99-96,06-12-07-79-08,1992-04-04T07:55:01.307Z,Okta Workflows
70038d00-fa97-11ed-99e7-035ddf7a3502,1684976384469,johan.rasmussen@example.com,true,Mr,Johan,Rasmussen,4166,Lundvej,Oure,Sjælland,Denmark,80610,johan.rasmussen@example.com,43386214,67487615,1948-02-13T11:39:30.919Z,Okta Workflows
7002c9b0-fa97-11ed-9e6f-a9e136f49eda,1684976384462,constance.caron@example.com,true,Ms,Constance,Caron,2346,Rue du Village,Clermont-Ferrand,Haute-Loire,France,15111,constance.caron@example.com,02-77-86-50-67,06-59-79-45-59,1999-11-30T20:28:11.511Z,Okta Workflows
70027b90-fa97-11ed-89b5-d2684914e249,1684976384460,wayne.walker@example.com,true,Mr,Wayne,Walker,3280,Alexander Road,Waterford,Kildare,Ireland,84190,wayne.walker@example.com,011-581-8463,081-625-9231,1959-05-24T12:20:49.914Z,Okta Workflows
7001b840-fa97-11ed-9513-edef3c7e5f4c,1684976384455,milla.peltola@example.com,true,Miss,Milla,Peltola,6203,Nordenskiöldinkatu,Koski,Kymenlaakso,Finland,84415,milla.peltola@example.com,09-230-870,044-472-89-29,1987-02-10T16:11:16.903Z,Okta Workflows
70014310-fa97-11ed-80cd-9a3b100a90d7,1684976384453,nina.turner@example.com,true,Ms,Nina,Turner,8331,Theodosia Street,Napier,Taranaki,New Zealand,63484,nina.turner@example.com,(560)-591-8978,(608)-931-6899,1973-08-04T21:39:50.627Z,Okta Workflows
7000cde0-fa97-11ed-80ec-40a24a7fecda,1684976384448,brent.murray@example.com,true,Mr,Brent,Murray,2101,Springfield Road,Blessington,Wexford,Ireland,12912,brent.murray@example.com,061-134-5109,081-961-2133,1980-12-24T12:08:12.793Z,Okta Workflows
700031a0-fa97-11ed-aa1a-4de32effd400,1684976384445,lotje.jacobsen@example.com,true,Miss,Lotje,Jacobsen,2696,Engelandstraat,Westerbeek,Utrecht,Netherlands,4013 FH,lotje.jacobsen@example.com,(0221) 928749,(06) 91836502,1990-07-09T05:16:39.203Z,Okta Workflows
6fffe380-fa97-11ed-8901-97ee6065bc41,1684976384442,luc.duval@example.com,true,Monsieur,Luc,Duval,9945,Rue Abel-Gance,Veyrier,Jura,Switzerland,5609,luc.duval@example.com,078 183 93 99,075 631 97 50,2000-10-04T22:11:27.206Z,Okta Workflows
6ffef920-fa97-11ed-918a-a2e6aacdeb16,1684976384438,raphael.gonzalez@example.com,true,Monsieur,Raphael,Gonzalez,8445,Boulevard de la Duchère,Pont-en-Ogoz,Zug,Switzerland,1114,raphael.gonzalez@example.com,079 999 88 59,076 055 15 80,1981-09-09T16:17:00.483Z,Okta Workflows
6ffeab00-fa97-11ed-a3fd-299c6973dfdb,1684976384436,clayton.jenkins@example.com,true,Mr,Clayton,Jenkins,8655,Church Lane,Blessington,Cavan,Ireland,42838,clayton.jenkins@example.com,061-230-4953,081-491-6996,1961-04-04T01:18:51.030Z,Okta Workflows
6ffdc0a0-fa97-11ed-b546-5b7b5117f253,1684976384429,andreas.johansen@example.com,true,Mr,Andreas,Johansen,8284,Søndre Landevej,Nykøbing F,Syddanmark,Denmark,58723,andreas.johansen@example.com,79521622,83510267,1949-11-25T10:57:23.154Z,Okta Workflows
6ffd7280-fa97-11ed-9727-d07cf2943420,1684976384427,ella.gauthier@example.com,true,Mrs,Ella,Gauthier,8629,Dalhousie Ave,Souris,Yukon,Canada,P1P 1M1,ella.gauthier@example.com,Z67 U03-5193,F17 E97-1191,1973-09-15T12:30:42.936Z,Okta Workflows
6ffc8820-fa97-11ed-8872-846d2f3d25f4,1684976384421,jesus.wilson@example.com,true,Mr,Jesus,Wilson,1089,Ormond Quay,Portmarnock,Wicklow,Ireland,53797,jesus.wilson@example.com,071-893-5110,081-688-8234,1981-05-01T17:06:13.511Z,Okta Workflows
6ffb4fa0-fa97-11ed-b7d3-a25f460c9f9a,1684976384413,liana.lai@example.com,true,Ms,Liana,Lai,2979,Boendermakerpad,Thorn,Friesland,Netherlands,7997 ID,liana.lai@example.com,(030) 9330217,(06) 25430248,1969-02-17T12:46:48.318Z,Okta Workflows
6ffb0180-fa97-11ed-9ecf-5cc681c1c473,1684976384412,serkan.eijpe@example.com,true,Mr,Serkan,Eijpe,617,E. de Bruijnstraat,Katwoude,Zeeland,Netherlands,7339 EC,serkan.eijpe@example.com,(018) 4808522,(06) 75611016,1976-05-08T23:36:26.535Z,Okta Workflows
6ffa6540-fa97-11ed-b15a-823b41c35d92,1684976384407,brad.fox@example.com,true,Mr,Brad,Fox,5902,Mill Road,Duleek,Mayo,Ireland,92514,brad.fox@example.com,061-284-3637,081-732-2952,1966-01-07T04:00:03.570Z,Okta Workflows
6ff9f010-fa97-11ed-96ce-3a9c17d6b5ab,1684976384404,roope.salo@example.com,true,Mr,Roope,Salo,3448,Hermiankatu,Kaavi,Central Finland,Finland,79691,roope.salo@example.com,03-547-712,049-809-42-08,1991-01-22T13:50:38.062Z,Okta Workflows
6ff92cc0-fa97-11ed-87ef-6f58c30187bf,1684976384400,lore.nillesen@example.com,true,Miss,Lore,Nillesen,9582,Cornelis Dopperstraat,Oldeholtwolde,Friesland,Netherlands,8598 MY,lore.nillesen@example.com,(0350) 375332,(06) 10753677,1973-04-21T11:10:18.623Z,Okta Workflows
6ff8b790-fa97-11ed-9e7d-52ee1bb808ec,1684976384397,amelie.gerard@example.com,true,Mademoiselle,Amelie,Gerard,1839,Rue Desaix,Mellikon,Valais,Switzerland,6670,amelie.gerard@example.com,079 811 89 60,075 144 98 22,1993-01-07T12:48:11.334Z,Okta Workflows
6ff81b50-fa97-11ed-b856-aee45080a8c0,1684976384392,liam.brewer@example.com,true,Mr,Liam,Brewer,6809,South Street,Rush,Kilkenny,Ireland,14789,liam.brewer@example.com,041-978-2993,081-540-4331,1998-06-10T18:27:26.553Z,Okta Workflows
6ff77f10-fa97-11ed-a72d-5f1a7100a1d5,1684976384389,lorena.cano@example.com,true,Miss,Lorena,Cano,5048,Calle de Bravo Murillo,Móstoles,Castilla y León,Spain,90272,lorena.cano@example.com,911-741-583,687-896-101,1966-02-17T16:36:48.640Z,Okta Workflows
6ff709e0-fa97-11ed-b646-6fce01516d3e,1684976384385,emilia.karvonen@example.com,true,Miss,Emilia,Karvonen,3871,Nordenskiöldinkatu,Hailuoto,Southern Savonia,Finland,59888,emilia.karvonen@example.com,03-206-827,049-060-16-52,1981-07-03T17:45:29.413Z,Okta Workflows
6ff64690-fa97-11ed-ba7b-a8c135cacf4c,1684976384381,astrid.andersen@example.com,true,Miss,Astrid,Andersen,611,Mølleparken,Stokkemarke,Midtjylland,Denmark,26254,astrid.andersen@example.com,06081501,57750840,1987-07-17T08:43:52.282Z,Okta Workflows
6ff5f870-fa97-11ed-85f8-e007a7de78c3,1684976384378,louanne.louis@example.com,true,Miss,Louanne,Louis,7663,Rue Baraban,Caen,Alpes-de-Haute-Provence,France,59687,louanne.louis@example.com,03-09-81-88-20,06-18-05-24-01,1987-02-24T04:49:30.637Z,Okta Workflows
6ff4e700-fa97-11ed-aed6-a22e59c754e8,1684976384373,sasha.lacroix@example.com,true,Mr,Sasha,Lacroix,9054,Rue Jean-Baldassini,Mulhouse,Corrèze,France,61071,sasha.lacroix@example.com,03-90-33-01-04,06-55-34-41-10,1991-08-18T06:14:19.144Z,Okta Workflows
6ff44ac0-fa97-11ed-88c3-07563b64c490,1684976384368,jen.moore@example.com,true,Ms,Jen,Moore,8586,George Street,City of London,Rutland,United Kingdom,VI6C 7FH,jen.moore@example.com,013873 15757,07489 501878,1948-08-23T02:31:50.774Z,Okta Workflows
6ff3d590-fa97-11ed-9d91-a10bad2c3b03,1684976384364,matthieu.richard@example.com,true,Monsieur,Matthieu,Richard,4606,Rue Paul Bert,Surpierre,Basel-Landschaft,Switzerland,4519,matthieu.richard@example.com,076 241 87 58,076 951 31 10,1954-02-19T13:39:56.799Z,Okta Workflows
6ff33950-fa97-11ed-8f26-88c19f05c036,1684976384359,sanni.waara@example.com,true,Ms,Sanni,Waara,4284,Hermiankatu,Forssa,Southern Savonia,Finland,56697,sanni.waara@example.com,06-434-549,042-839-38-63,1985-07-30T12:01:30.136Z,Okta Workflows
6ff29d10-fa97-11ed-9f39-5e50d99b4f5d,1684976384357,theo.cooper@example.com,true,Mr,Theo,Cooper,3010,London Road,Stevenage,Lothian,United Kingdom,HY72 2TA,theo.cooper@example.com,01287 71783,07658 969012,1974-02-06T09:01:46.530Z,Okta Workflows
6ff227e0-fa97-11ed-9e39-70f7b1461bab,1684976384353,ariane.lavigne@example.com,true,Miss,Ariane,Lavigne,6492,Concession Road 6,Shelbourne,British Columbia,Canada,A8N 5M8,ariane.lavigne@example.com,M44 W66-1469,L55 I90-8031,1951-09-01T18:02:34.661Z,Okta Workflows
6ff16490-fa97-11ed-823a-9874a2ab7040,1684976384349,maeva.white@example.com,true,Ms,Maeva,White,6807,Peel St,Deer Lake,Nova Scotia,Canada,B9Y 0A4,maeva.white@example.com,S57 G76-7355,J37 D35-4104,1985-06-02T03:11:53.457Z,Okta Workflows
6ff13d80-fa97-11ed-a61b-9c0cf38e18f5,1684976384347,madison.graham@example.com,true,Miss,Madison,Graham,3242,Valwood Pkwy,Great Falls,Kentucky,United States,95474,madison.graham@example.com,(342) 308-9930,(836) 333-2529,1949-07-09T02:39:32.355Z,Okta Workflows
6ff05320-fa97-11ed-b4cd-a0c2c4183393,1684976384340,filippa.kristensen@example.com,true,Miss,Filippa,Kristensen,6074,Højen,Pandrup,Nordjylland,Denmark,78807,filippa.kristensen@example.com,97658468,72339359,1984-11-21T14:40:19.596Z,Okta Workflows
6ff00500-fa97-11ed-af76-3f4bb49c656b,1684976384339,juho.autio@example.com,true,Mr,Juho,Autio,3850,Hatanpään Valtatie,Eurajoki,Tavastia Proper,Finland,19250,juho.autio@example.com,06-556-211,046-937-96-42,1951-06-21T04:27:32.132Z,Okta Workflows
6fef41b0-fa97-11ed-90f7-63265309eb7c,1684976384334,fiona.wade@example.com,true,Mrs,Fiona,Wade,6963,Highfield Road,Tralee,Fingal,Ireland,74119,fiona.wade@example.com,041-453-2598,081-255-4182,1959-08-12T11:47:29.036Z,Okta Workflows
6feecc80-fa97-11ed-9e26-975d43da16f7,1684976384331,kylie.stone@example.com,true,Miss,Kylie,Stone,6467,Elgin St,Hervey Bay,Queensland,Australia,8285,kylie.stone@example.com,04-9522-6685,0405-888-476,1992-06-16T14:39:34.956Z,Okta Workflows
6fee0930-fa97-11ed-9f6d-f7c74377638c,1684976384327,malik.campbell@example.com,true,Mr,Malik,Campbell,6350,Dundas Rd,Greenwood,Nova Scotia,Canada,X3P 1B6,malik.campbell@example.com,W93 Z63-0435,W79 U94-4662,1997-08-04T05:10:35.243Z,Okta Workflows
6fed6cf0-fa97-11ed-aac9-7e5fbf313735,1684976384324,daniel.poulsen@example.com,true,Mr,Daniel,Poulsen,9458,Engtoften,Jystrup,Nordjylland,Denmark,80577,daniel.poulsen@example.com,47968213,96955264,1964-02-15T01:17:24.343Z,Okta Workflows
6fecd0b0-fa97-11ed-abc2-b36d5321f195,1684976384318,chloe.clark@example.com,true,Miss,Chloe,Clark,3655,Lakeview Ave,Russell,Saskatchewan,Canada,J8E 7L4,chloe.clark@example.com,J49 G57-8659,Z69 O30-2983,1953-06-03T21:24:37.652Z,Okta Workflows
6fec3470-fa97-11ed-aa0b-20aa5218949b,1684976384315,katherine.brooks@example.com,true,Mrs,Katherine,Brooks,1281,Daisy Dr,Ironville,Iowa,United States,51408,katherine.brooks@example.com,(974) 866-5249,(734) 258-6662,1954-05-24T05:45:01.456Z,Okta Workflows
6febbf40-fa97-11ed-94b3-877e536a480c,1684976384311,heinrich.aubert@example.com,true,Monsieur,Heinrich,Aubert,2208,Rue Desaix,Höri,Glarus,Switzerland,4458,heinrich.aubert@example.com,075 943 90 54,078 080 16 82,1972-04-20T07:39:52.654Z,Okta Workflows
6feafbf0-fa97-11ed-afb6-c7a2e70f0f16,1684976384307,annette.berry@example.com,true,Ms,Annette,Berry,334,W Gray St,Townsville,Victoria,Australia,919,annette.berry@example.com,07-5557-4606,0410-848-891,1950-06-29T22:00:34.682Z,Okta Workflows
6feaadd0-fa97-11ed-8adc-aeb50495c255,1684976384304,vilma.huotari@example.com,true,Miss,Vilma,Huotari,9366,Nordenskiöldinkatu,Teuva,Central Finland,Finland,56479,vilma.huotari@example.com,02-123-155,041-680-83-14,1985-08-09T20:55:36.887Z,Okta Workflows
6fe9c370-fa97-11ed-a0b0-1db8f39ee094,1684976384299,kristen.sullivan@example.com,true,Ms,Kristen,Sullivan,1969,Elgin St,Great Falls,Delaware,United States,32650,kristen.sullivan@example.com,(457) 649-3954,(924) 915-2070,1991-07-27T13:16:26.621Z,Okta Workflows
6fe99c60-fa97-11ed-8e81-eb312d00e6ff,1684976384297,charles.watts@example.com,true,Mr,Charles,Watts,2893,Prospect Rd,Altoona,Minnesota,United States,62264,charles.watts@example.com,(437) 274-4715,(235) 383-8938,1976-09-26T14:40:52.933Z,Okta Workflows
6fe8d910-fa97-11ed-89ff-e76bab02a650,1684976384292,brielle.gagnon@example.com,true,Miss,Brielle,Gagnon,9028,Dalhousie Ave,Red Rock,Manitoba,Canada,Z1U 1Y6,brielle.gagnon@example.com,D71 P49-7260,D74 F52-7418,1989-06-01T20:51:22.910Z,Okta Workflows
6fe88af0-fa97-11ed-8035-43d4cf03ee52,1684976384290,ronny.giraud@example.com,true,Monsieur,Ronny,Giraud,1736,Rue Abel-Ferry,Künten,Jura,Switzerland,4351,ronny.giraud@example.com,078 159 39 33,076 695 47 95,1991-05-08T12:14:39.743Z,Okta Workflows
6fe7a090-fa97-11ed-b9f1-a68f7895b829,1684976384284,aurora.hughes@example.com,true,Mrs,Aurora,Hughes,4226,Victoria Road,Nelson,West Coast,New Zealand,32435,aurora.hughes@example.com,(375)-592-6321,(808)-847-6589,1990-06-29T18:59:39.820Z,Okta Workflows
6fe75270-fa97-11ed-925f-64af01277b9f,1684976384283,pietro.leclercq@example.com,true,Monsieur,Pietro,Leclercq,6249,Rue Principale,Coppet,Vaud,Switzerland,4258,pietro.leclercq@example.com,075 736 94 59,079 184 55 63,1986-05-05T20:48:50.742Z,Okta Workflows
6fe6b630-fa97-11ed-b4d7-e12f443b26b1,1684976384278,susanna.obrien@example.com,true,Mrs,Susanna,Obrien,9774,Patrick Street,Waterford,Donegal,Ireland,61110,susanna.obrien@example.com,061-619-1367,081-402-9567,1967-02-20T09:03:44.441Z,Okta Workflows
6fe64100-fa97-11ed-8815-7ca6e6c14d55,1684976384275,sadie.kumar@example.com,true,Ms,Sadie,Kumar,8027,Brougham Street,Christchurch,Canterbury,New Zealand,53570,sadie.kumar@example.com,(460)-420-1695,(398)-322-2174,1951-01-02T10:29:19.317Z,Okta Workflows
6fe57db0-fa97-11ed-9066-0512931772fb,1684976384270,caroline.hansen@example.com,true,Mrs,Caroline,Hansen,8110,Rørmosevej,Nr Åby,Nordjylland,Denmark,58190,caroline.hansen@example.com,20649191,27596185,1968-02-21T21:06:16.459Z,Okta Workflows
6fe44530-fa97-11ed-b334-ad4d33d86d82,1684976384263,albane.mathieu@example.com,true,Ms,Albane,Mathieu,5147,Rue de L'Abbé-Rousselot,Avignon,Savoie,France,94950,albane.mathieu@example.com,05-03-73-04-95,06-39-93-90-25,1968-05-18T13:15:11.480Z,Okta Workflows
6fe3a8f0-fa97-11ed-bf8f-067edeca7ed9,1684976384259,lincoln.king@example.com,true,Mr,Lincoln,King,1055,Mahia Road,Tauranga,Waikato,New Zealand,49544,lincoln.king@example.com,(726)-874-0257,(256)-205-9527,1951-10-03T03:34:57.438Z,Okta Workflows
6fe2e5a0-fa97-11ed-879a-2d4ed1b096cd,1684976384256,consuelo.lozano@example.com,true,Mrs,Consuelo,Lozano,4834,Calle de La Almudena,Alcobendas,Cantabria,Spain,27780,consuelo.lozano@example.com,905-702-939,629-306-246,1992-03-21T00:33:38.774Z,Okta Workflows
6fe24960-fa97-11ed-8d68-c1b4b858fb18,1684976384251,carol.burns@example.com,true,Mrs,Carol,Burns,3097,Park Lane,Carlisle,Somerset,United Kingdom,EK69 2EL,carol.burns@example.com,019467 51037,07824 664027,1953-01-04T06:14:08.866Z,Okta Workflows
6fe1ad20-fa97-11ed-966b-3ee6f458c44a,1684976384246,esther.moya@example.com,true,Miss,Esther,Moya,3077,Calle de Tetuán,Elche,Islas Baleares,Spain,89451,esther.moya@example.com,906-283-938,605-178-552,1981-07-06T02:12:58.394Z,Okta Workflows
6fe0c2c0-fa97-11ed-8e35-04ff0d5c78b8,1684976384240,amber.taylor@example.com,true,Ms,Amber,Taylor,5533,Gladstone Road,New Plymouth,Taranaki,New Zealand,55001,amber.taylor@example.com,(039)-482-4054,(379)-137-1380,1990-12-18T20:41:09.784Z,Okta Workflows
6fe074a0-fa97-11ed-8079-bba39e1770d5,1684976384238,pinja.waara@example.com,true,Miss,Pinja,Waara,1879,Siilitie,Karvia,Finland Proper,Finland,52515,pinja.waara@example.com,04-840-706,042-848-83-43,2000-08-09T01:20:03.644Z,Okta Workflows
6fdf6330-fa97-11ed-8847-063f7f07ec60,1684976384230,miriam.marchand@example.com,true,Mademoiselle,Miriam,Marchand,6385,Rue Baraban,Belmont-sur-Yverdon,Vaud,Switzerland,8775,miriam.marchand@example.com,075 215 93 34,078 164 53 07,1982-01-16T10:19:00.248Z,Okta Workflows
6fdeee00-fa97-11ed-a660-ff333f2a2ab6,1684976384227,emma.rantala@example.com,true,Ms,Emma,Rantala,9616,Rautatienkatu,Karvia,Pirkanmaa,Finland,53221,emma.rantala@example.com,07-288-807,048-627-96-57,1968-11-15T18:28:47.732Z,Okta Workflows
6fde2ab0-fa97-11ed-8c9c-d6c449973047,1684976384223,melinda.edwards@example.com,true,Miss,Melinda,Edwards,7978,James St,Launceston,Tasmania,Australia,652,melinda.edwards@example.com,02-7531-9031,0430-519-589,1989-11-11T05:19:58.584Z,Okta Workflows
6fdddc90-fa97-11ed-afac-fac1c9539b3d,1684976384220,emanuel.israel@example.com,true,Mr,Emanuel,Israel,444,Tannenweg,Neuwied,Niedersachsen,Germany,76714,emanuel.israel@example.com,0949-2214797,0176-4940517,1976-11-24T18:47:00.108Z,Okta Workflows
6fdca410-fa97-11ed-94b7-08848ec82787,1684976384213,clara.moller@example.com,true,Mrs,Clara,Møller,4243,Samsøvej,Sønder Stenderup,Midtjylland,Denmark,17350,clara.moller@example.com,27245480,61886771,1978-04-22T10:00:12.882Z,Okta Workflows
6fdc2ee0-fa97-11ed-bd03-cfb4b20506a9,1684976384210,sharon.thompson@example.com,true,Ms,Sharon,Thompson,3504,St. John’S Road,Armagh,County Londonderry,United Kingdom,H8 1WQ,sharon.thompson@example.com,015396 97388,07714 759973,1996-03-10T15:20:21.941Z,Okta Workflows
6fdb6b90-fa97-11ed-bf3c-38a8f9e5d3dc,1684976384205,antonio.carrasco@example.com,true,Mr,Antonio,Carrasco,8054,Avenida del Planetario,Talavera de la Reina,Canarias,Spain,43608,antonio.carrasco@example.com,936-647-004,668-824-044,1984-06-21T05:19:01.739Z,Okta Workflows
6fdaf660-fa97-11ed-9f76-ccb0e0ee3cf3,1684976384202,cathriona.newman@example.com,true,Ms,Cathriona,Newman,2484,Herbert Road,Wexford,Offaly,Ireland,43067,cathriona.newman@example.com,051-974-0406,081-264-6425,2000-08-23T15:25:34.234Z,Okta Workflows
6fda0c00-fa97-11ed-82cd-b6a03b702759,1684976384196,flynn.zhang@example.com,true,Mr,Flynn,Zhang,8710,Elizabeth Street,Whanganui,Nelson,New Zealand,20355,flynn.zhang@example.com,(642)-854-7529,(579)-170-9167,1972-12-29T23:52:40.174Z,Okta Workflows
6fd9bde0-fa97-11ed-b275-0d6538216217,1684976384194,leo.wang@example.com,true,Mr,Leo,Wang,8617,Anzac Drive,Napier,Auckland,New Zealand,53966,leo.wang@example.com,(057)-828-0704,(510)-415-2093,1972-03-09T15:54:13.809Z,Okta Workflows
6fd8ac70-fa97-11ed-97fd-d74597adcff6,1684976384186,volkert.braak@example.com,true,Mr,Volkert,Braak,8263,De Otter,Uitwierde,Zeeland,Netherlands,7815 GE,volkert.braak@example.com,(070) 4059094,(06) 12595399,1965-02-25T11:02:07.266Z,Okta Workflows
6fd85e50-fa97-11ed-8c69-db0db7f9f63c,1684976384184,ramon.castillo@example.com,true,Mr,Ramon,Castillo,3773,Calle de Bravo Murillo,Alcobendas,Aragón,Spain,73540,ramon.castillo@example.com,938-483-859,643-268-410,1949-12-22T12:51:04.181Z,Okta Workflows
6fd74ce0-fa97-11ed-a141-23b35626455e,1684976384178,ria.galle@example.com,true,Miss,Ria,Galle,6050,Birkenstraße,Spangenberg,Thüringen,Germany,30419,ria.galle@example.com,0543-7842268,0179-6206286,1979-06-24T01:28:57.795Z,Okta Workflows
6fd6fec0-fa97-11ed-a27b-590adf8e0994,1684976384177,alba.ortiz@example.com,true,Ms,Alba,Ortiz,850,Avenida de Castilla,Talavera de la Reina,Ceuta,Spain,20537,alba.ortiz@example.com,965-305-495,648-568-350,1974-02-09T21:38:52.292Z,Okta Workflows
6fd61460-fa97-11ed-8399-1c86ec17b6a2,1684976384170,sander.petersen@example.com,true,Mr,Sander,Petersen,304,Frederikssundsvej,Agerbæk,Hovedstaden,Denmark,81804,sander.petersen@example.com,73861554,62876475,1965-11-01T17:42:41.428Z,Okta Workflows
6fd5ed50-fa97-11ed-8216-3d121b537142,1684976384168,peyton.wang@example.com,true,Miss,Peyton,Wang,9989,Wilson Road,Lower Hutt,Northland,New Zealand,97763,peyton.wang@example.com,(739)-933-3945,(621)-101-7713,2000-05-08T15:56:10.978Z,Okta Workflows
6fd52a00-fa97-11ed-9ced-80b15d88d4cc,1684976384163,herbert.silva@example.com,true,Mr,Herbert,Silva,6045,Highfield Road,Sallins,South Dublin,Ireland,95622,herbert.silva@example.com,071-067-3946,081-565-3703,1992-08-12T03:06:40.782Z,Okta Workflows
6fd4b4d0-fa97-11ed-86a8-bf07497e7082,1684976384161,emilie.madsen@example.com,true,Miss,Emilie,Madsen,7071,Nørreskovvej,Ryslinge,Sjælland,Denmark,43565,emilie.madsen@example.com,13250522,39016674,1946-12-02T09:23:06.396Z,Okta Workflows
6fd3f180-fa97-11ed-92a4-55876f64b6d7,1684976384155,carmen.pearson@example.com,true,Mrs,Carmen,Pearson,8450,E Center St,Sunnyvale,Oregon,United States,37868,carmen.pearson@example.com,(399) 207-9064,(389) 367-1062,1984-12-21T05:00:10.495Z,Okta Workflows
6fd35540-fa97-11ed-baba-b33751235ff5,1684976384152,nathaniel.clark@example.com,true,Mr,Nathaniel,Clark,1464,Herbert Road,Birr,Dublin City,Ireland,45056,nathaniel.clark@example.com,051-277-5063,081-274-7681,1948-06-09T23:37:27.250Z,Okta Workflows
6fd30720-fa97-11ed-bc5c-1f62c06f0e05,1684976384148,ugo.rodriguez@example.com,true,Mr,Ugo,Rodriguez,8904,Rue Laure-Diebold,Villeurbanne,Lot-et-Garonne,France,73356,ugo.rodriguez@example.com,05-32-79-76-77,06-77-00-49-84,1962-09-10T15:32:30.271Z,Okta Workflows
6fd21cc0-fa97-11ed-9785-c4473f5ed087,1684976384144,berrie.renes@example.com,true,Mr,Berrie,Renes,9096,Amsterdamse Jofferspad,Molenwaard,Overijssel,Netherlands,7915 BW,berrie.renes@example.com,(0141) 835599,(06) 83522082,1989-09-06T15:07:31.901Z,Okta Workflows
6fd1cea0-fa97-11ed-bc23-ca025fd55776,1684976384142,avery.li@example.com,true,Mrs,Avery,Li,6241,22nd Ave,Winfield,Prince Edward Island,Canada,C1H 7F4,avery.li@example.com,R53 N61-7804,U60 X24-5034,1999-01-21T12:41:40.172Z,Okta Workflows
6fd10b50-fa97-11ed-96c6-aced2fb9baf4,1684976384136,ethan.shelton@example.com,true,Mr,Ethan,Shelton,9483,Herbert Road,Navan,Mayo,Ireland,25818,ethan.shelton@example.com,051-405-4228,081-645-8352,1962-03-08T09:37:19.406Z,Okta Workflows
6fd0bd30-fa97-11ed-8e75-d18c2ed74189,1684976384134,megan.caldwell@example.com,true,Ms,Megan,Caldwell,5431,Church Lane,St Albans,Staffordshire,United Kingdom,VS7 7QX,megan.caldwell@example.com,017684 26465,07848 703902,1979-09-05T10:17:23.995Z,Okta Workflows
6fcff9e0-fa97-11ed-95ca-0c71ef09b7c8,1684976384129,seth.jackson@example.com,true,Mr,Seth,Jackson,3283,Patrick Street,Ballybofey-Stranorlar,Fingal,Ireland,41842,seth.jackson@example.com,011-091-6901,081-970-5024,1983-01-05T15:40:52.471Z,Okta Workflows
6fcfabc0-fa97-11ed-b971-f107f6be1577,1684976384127,eileen.hansen@example.com,true,Miss,Eileen,Hansen,588,Eason Rd,Minneapolis,Nevada,United States,72926,eileen.hansen@example.com,(987) 368-8411,(505) 291-9796,1946-09-25T03:05:06.597Z,Okta Workflows
6fcee870-fa97-11ed-a733-667dd16b0109,1684976384123,cameron.alvarez@example.com,true,Mr,Cameron,Alvarez,2627,Pockrus Page Rd,Bendigo,New South Wales,Australia,4067,cameron.alvarez@example.com,08-0248-1100,0473-679-401,1966-04-29T12:48:54.034Z,Okta Workflows
6fce7340-fa97-11ed-be58-ccc135e6c740,1684976384119,tristan.larsen@example.com,true,Mr,Tristan,Larsen,2587,Sofievej,Amager,Syddanmark,Denmark,60160,tristan.larsen@example.com,96431086,50383471,1966-08-10T01:10:39.079Z,Okta Workflows
6fcdfe10-fa97-11ed-8a00-8b9da5f00758,1684979712882,,false,,,,,,,,,,,,,,
6fcd3ac0-fa97-11ed-ac8e-406bcb9d4790,1684976384112,oscar.morris@example.com,true,Mr,Oscar,Morris,5440,Madras Street,Palmerston North,Tasman,New Zealand,21791,oscar.morris@example.com,(233)-319-1389,(238)-042-3717,1961-09-13T23:46:02.278Z,Okta Workflows
6fcceca0-fa97-11ed-9600-b6151f4e0f09,1684976384110,rose.lambert@example.com,true,Ms,Rose,Lambert,8457,School Lane,Shannon,Laois,Ireland,90039,rose.lambert@example.com,061-717-3046,081-955-5430,1944-12-26T20:17:10.716Z,Okta Workflows
6fcc2950-fa97-11ed-aec9-551fa1c22787,1684976384104,hannah.steward@example.com,true,Mrs,Hannah,Steward,9063,Elgin St,Centennial,Vermont,United States,82610,hannah.steward@example.com,(365) 942-3193,(336) 700-0778,1973-12-13T09:37:49.625Z,Okta Workflows
6fcbdb30-fa97-11ed-bf43-0872f9462cc6,1684976384102,avery.margaret@example.com,true,Mrs,Avery,Margaret,6495,Dieppe Ave,Chelsea,Northwest Territories,Canada,P4T 5P6,avery.margaret@example.com,S08 G51-9872,O26 X02-1108,1959-02-04T02:50:57.530Z,Okta Workflows
6fcb3ef0-fa97-11ed-9c3e-2e634170c378,1684976384097,derrick.fletcher@example.com,true,Mr,Derrick,Fletcher,277,Hamilton Ave,Wagga Wagga,South Australia,Australia,2236,derrick.fletcher@example.com,08-7083-2895,0444-004-225,1954-12-19T07:19:48.405Z,Okta Workflows
6fcaa2b0-fa97-11ed-9c86-932222e5c8b1,1684976384094,oliver.roy@example.com,true,Mr,Oliver,Roy,3138,Pierre Ave,Selkirk,New Brunswick,Canada,L0J 9J3,oliver.roy@example.com,Q43 A47-5215,B63 V37-7675,1948-01-02T08:26:02.502Z,Okta Workflows
6fca2d80-fa97-11ed-a560-5589e52043a2,1684976384091,sasha.gonzalez@example.com,true,Mr,Sasha,Gonzalez,4451,Rue du Village,Le Mans,Ardennes,France,82882,sasha.gonzalez@example.com,04-55-48-53-92,06-28-31-12-96,1985-12-09T23:17:35.169Z,Okta Workflows
6fc91c10-fa97-11ed-9556-3f1f0224f6db,1684976384087,desiree.abdoel@example.com,true,Miss,Desirée,Abdoel,1225,Kruisherengang,Venebrugge,Zeeland,Netherlands,3927 YL,desiree.abdoel@example.com,(044) 4977819,(06) 47873477,1975-02-06T20:18:42.980Z,Okta Workflows
6fc8f500-fa97-11ed-8623-93cad14fb120,1684976384085,emma.rasmussen@example.com,true,Mrs,Emma,Rasmussen,6555,Egelunden,Skaerbaek,Hovedstaden,Denmark,51184,emma.rasmussen@example.com,25209156,58041247,1982-06-14T06:09:55.133Z,Okta Workflows
6fc831b0-fa97-11ed-9811-b2c757e27f1a,1684976384077,tobias.petersen@example.com,true,Mr,Tobias,Petersen,2919,Tjørnebjerg,Randers Nv,Midtjylland,Denmark,31240,tobias.petersen@example.com,09482874,37962516,1996-05-06T06:03:44.282Z,Okta Workflows
6fc7e390-fa97-11ed-a44f-5803e4a194b4,1684976384076,flenn.hanson@example.com,true,Mr,Flenn,Hanson,4602,Westmoreland Street,Carrigaline,Clare,Ireland,48645,flenn.hanson@example.com,071-239-3455,081-466-3330,1988-12-26T14:37:02.398Z,Okta Workflows
6fc74750-fa97-11ed-8344-ffc98e5366b7,1684976384071,delphine.clement@example.com,true,Mademoiselle,Delphine,Clement,9046,Rue de L'Abbé-De-L'Épée,Sumvitg,Schwyz,Switzerland,3578,delphine.clement@example.com,079 475 55 35,079 746 52 04,1945-09-26T19:41:45.613Z,Okta Workflows
6fc6ab10-fa97-11ed-ab98-e603f29c2d11,1684976384068,sara.christensen@example.com,true,Ms,Sara,Christensen,4481,Huginsvej,Odense Sv,Hovedstaden,Denmark,56371,sara.christensen@example.com,13127265,26440898,1985-03-23T05:24:14.452Z,Okta Workflows
6fc635e0-fa97-11ed-be2b-55cba4f0dbed,1684976384065,alexis.smith@example.com,true,Ms,Alexis,Smith,9775,St Aubyn Street,Taupo,Marlborough,New Zealand,91344,alexis.smith@example.com,(018)-951-7875,(802)-606-7192,1978-12-14T11:32:54.969Z,Okta Workflows
6fc57290-fa97-11ed-884b-9b71b67cce3e,1684976384060,marcus.mortensen@example.com,true,Mr,Marcus,Mortensen,3433,Æblevænget,Noerre Alslev,Danmark,Denmark,16709,marcus.mortensen@example.com,17963803,76124091,1968-02-17T10:55:03.202Z,Okta Workflows
6fc4fd60-fa97-11ed-b764-fb4a04419bb3,1684976384058,zoe.garcia@example.com,true,Miss,Zoe,Garcia,3692,Station Road,Leicester,West Glamorgan,United Kingdom,H03 3TQ,zoe.garcia@example.com,0118319 761 9508,07397 292396,2000-10-16T21:25:43.878Z,Okta Workflows
6fc46120-fa97-11ed-b940-0f08dabd4ce9,1684976384053,levi.anderson@example.com,true,Mr,Levi,Anderson,7019,Beach Road,Whanganui,Northland,New Zealand,32460,levi.anderson@example.com,(931)-810-7233,(086)-521-9692,1994-12-06T04:41:52.882Z,Okta Workflows
6fc3c4e0-fa97-11ed-ab0b-90b9e33828ec,1684976384050,giuseppina.lefevre@example.com,true,Madame,Giuseppina,Lefevre,5853,Rue Jean-Baldassini,Essertes,Bern,Switzerland,9243,giuseppina.lefevre@example.com,079 972 48 28,076 993 98 91,1958-07-22T06:46:06.362Z,Okta Workflows
6fc30190-fa97-11ed-9c76-7a1faee96931,1684976384046,dennis.bryant@example.com,true,Mr,Dennis,Bryant,4540,Park Avenue,Inverness,Fife,United Kingdom,IR28 3FP,dennis.bryant@example.com,016977 5704,07587 711834,1980-02-04T16:58:01.262Z,Okta Workflows
6fc23e40-fa97-11ed-a41f-792e37758198,1684976384042,curtis.kennedy@example.com,true,Mr,Curtis,Kennedy,1375,Park Avenue,Kilcoole,Leitrim,Ireland,82073,curtis.kennedy@example.com,061-877-7757,081-869-2860,1973-02-07T09:03:46.617Z,Okta Workflows
6fc153e0-fa97-11ed-8297-f93f099a767a,1684976384034,tiziana.roux@example.com,true,Mademoiselle,Tiziana,Roux,4583,Rue de Bonnel,Perly-Certoux,St. Gallen,Switzerland,8907,tiziana.roux@example.com,076 854 96 28,077 405 97 25,1966-03-16T23:32:47.128Z,Okta Workflows
6fc105c0-fa97-11ed-b4bf-1e424d999827,1684976384032,ellie.green@example.com,true,Miss,Ellie,Green,6438,Guyton Street,Christchurch,Taranaki,New Zealand,97960,ellie.green@example.com,(786)-858-9957,(203)-338-2417,1970-08-29T20:47:45.345Z,Okta Workflows
6fc04270-fa97-11ed-9f18-72662ecdb856,1684976384026,elisa.vargas@example.com,true,Miss,Elisa,Vargas,9029,Calle de Téllez,Madrid,Región de Murcia,Spain,64101,elisa.vargas@example.com,927-331-791,655-634-936,1971-07-02T10:34:18.916Z,Okta Workflows
6fbfcd40-fa97-11ed-a57f-f3a8ce4fc68e,1684976384024,pauline.west@example.com,true,Ms,Pauline,West,2570,W 6th St,Boston,Oklahoma,United States,50394,pauline.west@example.com,(566) 683-5884,(672) 668-4294,1988-10-14T20:51:07.941Z,Okta Workflows
6fbf3100-fa97-11ed-894c-ca6eda5193d2,1684976384019,jasmine.jean-baptiste@example.com,true,Miss,Jasmine,Jean-Baptiste,1681,King St,Lumsden,Manitoba,Canada,A1M 9L6,jasmine.jean-baptiste@example.com,N32 Z80-3492,J54 Y67-4687,1965-02-28T17:08:11.053Z,Okta Workflows
6fbe94c0-fa97-11ed-93fb-7e95440f3983,1684976384016,brittany.thompson@example.com,true,Miss,Brittany,Thompson,396,King Street,Newport,Gloucestershire,United Kingdom,O7 5JD,brittany.thompson@example.com,015396 45092,07864 465064,1989-05-24T18:09:01.153Z,Okta Workflows
6fbe46a0-fa97-11ed-8a4a-24a04f9207a3,1684976384013,elisa.navarro@example.com,true,Miss,Elisa,Navarro,3343,Calle del Barquillo,Vitoria,Melilla,Spain,83977,elisa.navarro@example.com,992-233-530,613-603-450,1950-06-20T10:38:25.317Z,Okta Workflows
6fbd8350-fa97-11ed-b709-adaf63b4cfaa,1684976384008,eugenio.garrido@example.com,true,Mr,Eugenio,Garrido,7997,Avenida de Andalucía,Pontevedra,Galicia,Spain,75552,eugenio.garrido@example.com,938-517-903,608-354-170,1949-02-03T14:09:36.737Z,Okta Workflows
6fbce710-fa97-11ed-be5d-af47ed356af5,1684976384006,isaac.powell@example.com,true,Mr,Isaac,Powell,8308,Dogwood Ave,Queanbeyan,Queensland,Australia,8810,isaac.powell@example.com,02-8396-7891,0413-642-669,1961-03-28T16:22:05.477Z,Okta Workflows
6fbbfcb0-fa97-11ed-8366-97368f787dc2,1684976383999,valerie.bechtold@example.com,true,Ms,Valerie,Bechtold,4378,Meisenweg,Boxberg,Berlin,Germany,37879,valerie.bechtold@example.com,0929-3030442,0170-1213959,1969-09-06T11:46:45.559Z,Okta Workflows
6fbbd5a0-fa97-11ed-8981-bdb5cb58dc90,1684976383998,bernice.moreno@example.com,true,Miss,Bernice,Moreno,6482,Wheeler Ridge Dr,Darwin,Western Australia,Australia,7692,bernice.moreno@example.com,04-3322-6659,0476-961-819,1958-03-24T16:41:25.000Z,Okta Workflows
6fbac430-fa97-11ed-b408-79e1f2f62e78,1684976383991,nieves.morales@example.com,true,Mrs,Nieves,Morales,2025,Calle Covadonga,Castellón de la Plana,Cataluña,Spain,65329,nieves.morales@example.com,988-202-930,673-684-972,1949-07-20T09:33:50.428Z,Okta Workflows
6fba00e0-fa97-11ed-903a-b21a41f36f82,1684976383985,niilo.keranen@example.com,true,Mr,Niilo,Keranen,2722,Esplanadi,Karijoki,Finland Proper,Finland,33757,niilo.keranen@example.com,08-136-515,048-006-77-58,1960-06-19T04:34:41.379Z,Okta Workflows
6fb98bb0-fa97-11ed-9eaf-30c7cbd63228,1684976383983,teresa.watts@example.com,true,Miss,Teresa,Watts,2797,Park Road,Chichester,Leicestershire,United Kingdom,BK1P 6YU,teresa.watts@example.com,015242 54797,07952 362728,1982-04-03T13:06:02.730Z,Okta Workflows
6fb8a150-fa97-11ed-b3a6-202cd2659f35,1684976383977,gustavo.pascual@example.com,true,Mr,Gustavo,Pascual,6966,Avenida de Burgos,Cuenca,Comunidad de Madrid,Spain,73724,gustavo.pascual@example.com,953-839-811,651-238-453,1977-04-21T22:57:23.400Z,Okta Workflows
6fb82c20-fa97-11ed-a154-ec1ccf6e5d31,1684976383975,gustav.vincent@example.com,true,Monsieur,Gustav,Vincent,8388,Rue Bataille,Oron,Jura,Switzerland,4503,gustav.vincent@example.com,077 767 54 25,078 401 68 58,1951-09-13T21:02:49.494Z,Okta Workflows
6fb768d0-fa97-11ed-b8d6-c63de27ad83e,1684976383969,rainer.kemper@example.com,true,Mr,Rainer,Kemper,144,Feldstraße,Gaildorf,Mecklenburg-Vorpommern,Germany,60681,rainer.kemper@example.com,0888-4930719,0176-8607337,1960-04-27T03:15:37.617Z,Okta Workflows
6fb6f3a0-fa97-11ed-a8f5-f3d99d4e1059,1684976383966,derrick.bailey@example.com,true,Mr,Derrick,Bailey,1447,Park Avenue,Londonderry,County Antrim,United Kingdom,IO89 9JL,derrick.bailey@example.com,016974 88566,07473 326844,1959-08-22T02:13:03.982Z,Okta Workflows
6fb63050-fa97-11ed-b36f-2f33c0233105,1684976383961,mathias.hansen@example.com,true,Mr,Mathias,Hansen,8666,Musvågevej,Gørløse,Nordjylland,Denmark,10178,mathias.hansen@example.com,04238539,58530878,1972-08-05T23:58:53.101Z,Okta Workflows
6fb59410-fa97-11ed-9248-dcc525e5b923,1684976383957,vanesa.marin@example.com,true,Ms,Vanesa,Marín,3695,Calle de Bravo Murillo,Palma de Mallorca,Cantabria,Spain,58595,vanesa.marin@example.com,908-949-074,635-418-882,1969-05-10T13:17:15.935Z,Okta Workflows
6fb4a9b0-fa97-11ed-9110-ad82d45685c2,1684976383951,marek.kothe@example.com,true,Mr,Marek,Kothe,5165,Blumenstraße,Bad Wimpfen,Berlin,Germany,23783,marek.kothe@example.com,0747-7330987,0174-8848756,1957-07-04T17:38:37.376Z,Okta Workflows
6fb45b90-fa97-11ed-ac7c-6e036980cc25,1684976383950,cathy.vasquez@example.com,true,Mrs,Cathy,Vasquez,509,Fairview Road,Lisburn,Shropshire,United Kingdom,JR82 9YB,cathy.vasquez@example.com,016977 1726,07395 874559,1986-04-05T22:01:04.839Z,Okta Workflows
6fb37130-fa97-11ed-94eb-5cccf47881bb,1684976383943,celestine.picard@example.com,true,Mrs,Celestine,Picard,1431,Rue Paul Bert,Champigny-sur-Marne,Yvelines,France,67002,celestine.picard@example.com,03-35-80-34-11,06-93-57-85-68,1970-02-07T17:13:58.925Z,Okta Workflows
6fb2d4f0-fa97-11ed-9cd5-5c2f8b18e8ca,1684976383940,minttu.kurtti@example.com,true,Ms,Minttu,Kurtti,5423,Fredrikinkatu,Jalasjärvi,Åland,Finland,24597,minttu.kurtti@example.com,08-200-485,049-886-12-73,1984-07-18T11:26:32.345Z,Okta Workflows
6fb211a0-fa97-11ed-a5b4-c117acfc6c2d,1684976383934,scarlett.johnston@example.com,true,Mrs,Scarlett,Johnston,4444,Park Avenue,Bradford,Tayside,United Kingdom,CE2U 2LH,scarlett.johnston@example.com,015396 51950,07001 849414,1962-08-03T10:44:03.356Z,Okta Workflows
6fb19c70-fa97-11ed-a9de-d83a24995b33,1684976383931,thea.christensen@example.com,true,Ms,Thea,Christensen,9691,Morelvej,Hammel,Syddanmark,Denmark,94603,thea.christensen@example.com,14034527,54744129,1961-01-02T02:08:44.585Z,Okta Workflows
6fb10030-fa97-11ed-8625-3c69344d2d6b,1684976383925,pyke.stapper@example.com,true,Mr,Pyke,Stapper,3416,Braakdijk,Rasquert,Noord-Brabant,Netherlands,4568 RB,pyke.stapper@example.com,(089) 2937298,(06) 54516094,1966-12-19T22:26:13.440Z,Okta Workflows
6fb08b00-fa97-11ed-b77d-ce2067c8c2fa,1684976383924,sunil.overes@example.com,true,Mr,Sunil,Overes,6575,Agnesplein,Koarnjum,Noord-Holland,Netherlands,2502 FE,sunil.overes@example.com,(0767) 551605,(06) 91757090,1951-11-01T01:40:31.278Z,Okta Workflows
6fafa0a0-fa97-11ed-8c2f-198cdbbb08df,1684976383919,darlene.willis@example.com,true,Miss,Darlene,Willis,9002,Hunters Creek Dr,Riverside,Delaware,United States,93857,darlene.willis@example.com,(447) 348-4079,(702) 647-7393,1947-01-24T16:42:11.387Z,Okta Workflows
6faf5280-fa97-11ed-bbfe-5cef9c789de4,1684976383915,sandra.fox@example.com,true,Miss,Sandra,Fox,9087,Woodland St,Shepparton,South Australia,Australia,3922,sandra.fox@example.com,07-7262-8829,0495-414-896,2000-07-19T21:44:23.093Z,Okta Workflows
6faeb640-fa97-11ed-ba38-91c9e38bd120,1684976383911,elijah.cole@example.com,true,Mr,Elijah,Cole,9977,Bridge Road,Coventry,Cornwall,United Kingdom,DY2 7RN,elijah.cole@example.com,019467 92075,07102 235286,1996-07-13T15:37:43.634Z,Okta Workflows
6fae1a00-fa97-11ed-aaf1-62374786ca1d,1684976383908,vicente.garrido@example.com,true,Mr,Vicente,Garrido,9534,Calle de Bravo Murillo,Lugo,Castilla la Mancha,Spain,50636,vicente.garrido@example.com,924-402-744,692-307-955,1969-07-14T05:41:45.252Z,Okta Workflows
6fada4d0-fa97-11ed-a41e-11fda7f1e7e1,1684976383904,heino.russ@example.com,true,Mr,Heino,Ruß,3189,Waldstraße,Trier,Baden-Württemberg,Germany,89140,heino.russ@example.com,0759-2436823,0174-0788623,1973-02-18T12:02:14.360Z,Okta Workflows
6fac9360-fa97-11ed-8c27-30c28208505b,1684976383899,josefa.deschamps@example.com,true,Madame,Josefa,Deschamps,9848,Route de Genas,Schleitheim,Valais,Switzerland,5769,josefa.deschamps@example.com,076 487 34 68,075 271 08 31,1989-07-16T07:12:53.767Z,Okta Workflows
6fac6c50-fa97-11ed-932d-647ac0946630,1684976383898,mathilde.kristensen@example.com,true,Miss,Mathilde,Kristensen,9605,Kystvejen,Juelsminde,Syddanmark,Denmark,79096,mathilde.kristensen@example.com,72504598,51636303,1998-10-31T08:30:07.559Z,Okta Workflows
6faba900-fa97-11ed-b514-0a42d830fe3f,1684976383891,ercan.merker@example.com,true,Mr,Ercan,Merker,8406,Eichenweg,Solingen,Thüringen,Germany,70991,ercan.merker@example.com,0708-4626509,0175-3315438,1952-09-03T01:49:17.750Z,Okta Workflows
6fab33d0-fa97-11ed-be9d-54a6b5d8a470,1684976383889,daniel.coleman@example.com,true,Mr,Daniel,Coleman,4607,Bridge Road,Brighton and Hove,Berkshire,United Kingdom,ZP5H 9HX,daniel.coleman@example.com,016974 42140,07448 456610,1994-01-20T16:58:18.319Z,Okta Workflows
6faa9790-fa97-11ed-9d8b-9b4364674411,1684976383884,dounia.melse@example.com,true,Miss,Dounia,Melse,9097,Altweertstraat,Rotterdam Albrands,Groningen,Netherlands,8559 XY,dounia.melse@example.com,(094) 4658982,(06) 26692587,1987-02-06T01:02:13.079Z,Okta Workflows
6faa2260-fa97-11ed-8349-ddb54c3bad16,1684976383881,nerea.serrano@example.com,true,Ms,Nerea,Serrano,6003,Calle de Bravo Murillo,Torrevieja,Comunidad Valenciana,Spain,92600,nerea.serrano@example.com,982-951-040,689-563-556,1976-02-01T11:42:46.668Z,Okta Workflows
6fa98620-fa97-11ed-a95d-8be5dee5a711,1684976383877,miguel.ramos@example.com,true,Mr,Miguel,Ramos,8396,Calle del Arenal,Cartagena,País Vasco,Spain,98735,miguel.ramos@example.com,941-072-524,607-261-501,1981-06-27T04:51:16.782Z,Okta Workflows
6fa4a421-fa97-11ed-8aee-8d4ac793acd9,1684976383870,franka.geerling@example.com,true,Mrs,Franka,Geerling,1685,De Tramweg,Breedenbroek,Groningen,Netherlands,1218 EB,franka.geerling@example.com,(0921) 098229,(06) 89436030,1968-12-08T04:13:43.565Z,Okta Workflows
6fa4a420-fa97-11ed-8002-e331c1a00658,1684976383870,austin.kumar@example.com,true,Mr,Austin,Kumar,7455,Grey Street,Palmerston North,Otago,New Zealand,80063,austin.kumar@example.com,(305)-201-7098,(106)-571-2818,1964-03-13T10:08:20.345Z,Okta Workflows
